name,km,distance,highway,item
GH040167,34.0,0.0,262,Remendo
GH040167,34.0,0.0,262,Remendo
GH040167,34.0,0.0,262,Remendo
GH040167,34.0,0.0,262,Remendo
GH040167,34.0,0.0,262,Remendo
GH040167,34.0,0.0,262,Remendo
GH040167,34.0,0.0,262,Remendo
GH040167,34.0,0.0,262,Remendo
GH040167,34.0,0.0,262,Remendo
GH040167,34.0,0.0,262,Remendo
GH040167,34.0,0.0,262,Remendo
GH040167,34.0,0.0,262,Remendo
GH040167,34.0,0.0,262,Remendo
GH040167,34.0,0.0,262,Remendo
GH040167,34.0,0.0,262,Remendo
GH040167,34.0,0.0,262,Remendo
GH040167,34.0,0.0,262,Remendo
GH040167,34.0,0.547258525332831,262,Trinca
GH040167,34.0,0.547258525332831,262,Trinca
GH040167,34.0,0.547258525332831,262,Trinca
GH040167,34.0,0.547258525332831,262,Trinca
GH040167,34.0,0.547258525332831,262,Trinca
GH040167,34.0,0.547258525332831,262,Trinca
GH040167,34.0,0.547258525332831,262,Trinca
GH040167,34.0,0.547258525332831,262,Trinca
GH040167,34.0,0.547258525332831,262,Trinca
GH040167,34.0,0.547258525332831,262,Trinca
GH040167,34.0,0.547258525332831,262,Trinca
GH040167,34.0,0.547258525332831,262,Trinca
GH040167,34.0,0.547258525332831,262,Trinca
GH040167,34.0,0.547258525332831,262,Trinca
GH040167,34.0,0.547258525332831,262,Trinca
GH040167,34.0,0.547258525332831,262,Trinca
GH040167,34.0,0.547258525332831,262,Trinca
GH040167,34.0,5.20685279364853,262,Remendo
GH040167,34.0,5.20685279364853,262,Remendo
GH040167,34.0,5.20685279364853,262,Remendo
GH040167,34.0,5.20685279364853,262,Remendo
GH040167,34.0,5.20685279364853,262,Remendo
GH040167,34.0,5.20685279364853,262,Remendo
GH040167,34.0,5.20685279364853,262,Remendo
GH040167,34.0,5.20685279364853,262,Remendo
GH040167,34.0,5.20685279364853,262,Remendo
GH040167,34.0,5.20685279364853,262,Remendo
GH040167,34.0,5.20685279364853,262,Remendo
GH040167,34.0,5.20685279364853,262,Remendo
GH040167,34.0,5.20685279364853,262,Remendo
GH040167,34.0,5.20685279364853,262,Remendo
GH040167,34.0,5.20685279364853,262,Remendo
GH040167,34.0,5.20685279364853,262,Remendo
GH040167,34.0,5.20685279364853,262,Remendo
GH040167,34.0,5.20685279364853,262,Remendo
GH040167,34.0,5.20685279364853,262,Remendo
GH040167,34.0,5.20685279364853,262,Remendo
GH040167,34.0,5.20685279364853,262,Remendo
GH040167,34.0,5.20685279364853,262,Remendo
GH040167,34.0,5.20685279364853,262,Remendo
GH040167,34.0,5.20685279364853,262,Remendo
GH040167,34.0,5.20685279364853,262,Remendo
GH040167,34.0,5.20685279364853,262,Remendo
GH040167,34.0,5.20685279364853,262,Remendo
GH040167,34.0,5.20685279364853,262,Remendo
GH040167,34.0,5.20685279364853,262,Remendo
GH040167,34.0,5.20685279364853,262,Remendo
GH040167,34.0,5.20685279364853,262,Remendo
GH040167,34.0,5.20685279364853,262,Remendo
GH040167,34.0,5.20685279364853,262,Remendo
GH040167,34.0,5.20685279364853,262,Remendo
GH040167,34.0,5.20685279364853,262,Remendo
GH040167,34.0,5.20685279364853,262,Remendo
GH040167,34.0,5.20685279364853,262,Remendo
GH040167,34.0,5.20685279364853,262,Remendo
GH040167,34.0,5.20685279364853,262,Remendo
GH040167,34.0,5.20685279364853,262,Remendo
GH040167,34.0,5.20685279364853,262,Remendo
GH040167,34.0,5.20685279364853,262,Remendo
GH040167,34.0,5.20685279364853,262,Remendo
GH040167,34.0,5.20685279364853,262,Remendo
GH040167,34.0,5.20685279364853,262,Remendo
GH040167,34.0,5.20685279364853,262,Remendo
GH040167,34.0,5.20685279364853,262,Remendo
GH040167,34.0,5.20685279364853,262,Remendo
GH040167,34.0,5.20685279364853,262,Remendo
GH040167,34.0,5.20685279364853,262,Remendo
GH040167,34.0,5.20685279364853,262,Remendo
GH040167,34.0,6.27071909425813,262,Remendo
GH040167,34.0,6.27071909425813,262,Remendo
GH040167,34.0,6.27071909425813,262,Remendo
GH040167,34.0,6.27071909425813,262,Remendo
GH040167,34.0,6.27071909425813,262,Remendo
GH040167,34.0,6.27071909425813,262,Remendo
GH040167,34.0,6.27071909425813,262,Remendo
GH040167,34.0,6.27071909425813,262,Remendo
GH040167,34.0,6.27071909425813,262,Remendo
GH040167,34.0,6.27071909425813,262,Remendo
GH040167,34.0,6.27071909425813,262,Remendo
GH040167,34.0,6.27071909425813,262,Remendo
GH040167,34.0,6.27071909425813,262,Remendo
GH040167,34.0,6.27071909425813,262,Remendo
GH040167,34.0,6.27071909425813,262,Remendo
GH040167,34.0,6.27071909425813,262,Remendo
GH040167,34.0,6.27071909425813,262,Remendo
GH040167,34.0,9.37465287651359,262,Remendo
GH040167,34.0,9.37465287651359,262,Remendo
GH040167,34.0,9.37465287651359,262,Remendo
GH040167,34.0,9.37465287651359,262,Remendo
GH040167,34.0,9.37465287651359,262,Remendo
GH040167,34.0,9.37465287651359,262,Remendo
GH040167,34.0,9.37465287651359,262,Remendo
GH040167,34.0,9.37465287651359,262,Remendo
GH040167,34.0,9.37465287651359,262,Remendo
GH040167,34.0,9.37465287651359,262,Remendo
GH040167,34.0,9.37465287651359,262,Remendo
GH040167,34.0,9.37465287651359,262,Remendo
GH040167,34.0,9.37465287651359,262,Remendo
GH040167,34.0,9.37465287651359,262,Remendo
GH040167,34.0,9.37465287651359,262,Remendo
GH040167,34.0,9.37465287651359,262,Remendo
GH040167,34.0,9.37465287651359,262,Remendo
GH040167,34.0,9.37465287651359,262,Remendo
GH040167,34.0,9.37465287651359,262,Remendo
GH040167,34.0,9.37465287651359,262,Remendo
GH040167,34.0,9.37465287651359,262,Remendo
GH040167,34.0,9.37465287651359,262,Remendo
GH040167,34.0,9.37465287651359,262,Remendo
GH040167,34.0,9.37465287651359,262,Remendo
GH040167,34.0,9.37465287651359,262,Remendo
GH040167,34.0,9.37465287651359,262,Remendo
GH040167,34.0,9.37465287651359,262,Remendo
GH040167,34.0,9.37465287651359,262,Remendo
GH040167,34.0,9.37465287651359,262,Remendo
GH040167,34.0,9.37465287651359,262,Remendo
GH040167,34.0,9.37465287651359,262,Remendo
GH040167,34.0,9.37465287651359,262,Remendo
GH040167,34.0,9.37465287651359,262,Remendo
GH040167,34.0,9.37465287651359,262,Remendo
GH040167,34.0,10.8826684352976,262,Remendo
GH040167,34.0,10.8826684352976,262,Remendo
GH040167,34.0,10.8826684352976,262,Remendo
GH040167,34.0,10.8826684352976,262,Remendo
GH040167,34.0,10.8826684352976,262,Remendo
GH040167,34.0,10.8826684352976,262,Remendo
GH040167,34.0,10.8826684352976,262,Remendo
GH040167,34.0,10.8826684352976,262,Remendo
GH040167,34.0,10.8826684352976,262,Remendo
GH040167,34.0,10.8826684352976,262,Remendo
GH040167,34.0,10.8826684352976,262,Remendo
GH040167,34.0,10.8826684352976,262,Remendo
GH040167,34.0,10.8826684352976,262,Remendo
GH040167,34.0,10.8826684352976,262,Remendo
GH040167,34.0,10.8826684352976,262,Remendo
GH040167,34.0,10.8826684352976,262,Remendo
GH040167,34.0,10.8826684352976,262,Remendo
GH040167,34.0,12.780033303381,262,Placa
GH040167,34.0,12.780033303381,262,Placa
GH040167,34.0,12.780033303381,262,Placa
GH040167,34.0,12.780033303381,262,Placa
GH040167,34.0,12.780033303381,262,Placa
GH040167,34.0,12.780033303381,262,Placa
GH040167,34.0,12.780033303381,262,Placa
GH040167,34.0,12.780033303381,262,Placa
GH040167,34.0,12.780033303381,262,Placa
GH040167,34.0,12.780033303381,262,Placa
GH040167,34.0,12.780033303381,262,Placa
GH040167,34.0,12.780033303381,262,Placa
GH040167,34.0,12.780033303381,262,Placa
GH040167,34.0,12.780033303381,262,Placa
GH040167,34.0,12.780033303381,262,Placa
GH040167,34.0,12.780033303381,262,Placa
GH040167,34.0,12.780033303381,262,Placa
GH040167,34.0,13.6956717544831,262,Remendo
GH040167,34.0,13.6956717544831,262,Remendo
GH040167,34.0,13.6956717544831,262,Remendo
GH040167,34.0,13.6956717544831,262,Remendo
GH040167,34.0,13.6956717544831,262,Remendo
GH040167,34.0,13.6956717544831,262,Remendo
GH040167,34.0,13.6956717544831,262,Remendo
GH040167,34.0,13.6956717544831,262,Remendo
GH040167,34.0,13.6956717544831,262,Remendo
GH040167,34.0,13.6956717544831,262,Remendo
GH040167,34.0,13.6956717544831,262,Remendo
GH040167,34.0,13.6956717544831,262,Remendo
GH040167,34.0,13.6956717544831,262,Remendo
GH040167,34.0,13.6956717544831,262,Remendo
GH040167,34.0,13.6956717544831,262,Remendo
GH040167,34.0,13.6956717544831,262,Remendo
GH040167,34.0,13.6956717544831,262,Remendo
GH040167,34.0,13.6956717544831,262,Buraco
GH040167,34.0,13.6956717544831,262,Buraco
GH040167,34.0,13.6956717544831,262,Buraco
GH040167,34.0,13.6956717544831,262,Buraco
GH040167,34.0,13.6956717544831,262,Buraco
GH040167,34.0,13.6956717544831,262,Buraco
GH040167,34.0,13.6956717544831,262,Buraco
GH040167,34.0,13.6956717544831,262,Buraco
GH040167,34.0,13.6956717544831,262,Buraco
GH040167,34.0,13.6956717544831,262,Buraco
GH040167,34.0,13.6956717544831,262,Buraco
GH040167,34.0,13.6956717544831,262,Buraco
GH040167,34.0,13.6956717544831,262,Buraco
GH040167,34.0,13.6956717544831,262,Buraco
GH040167,34.0,13.6956717544831,262,Buraco
GH040167,34.0,13.6956717544831,262,Buraco
GH040167,34.0,13.6956717544831,262,Buraco
GH040167,34.0,16.9846890961761,262,Remendo
GH040167,34.0,16.9846890961761,262,Remendo
GH040167,34.0,16.9846890961761,262,Remendo
GH040167,34.0,16.9846890961761,262,Remendo
GH040167,34.0,16.9846890961761,262,Remendo
GH040167,34.0,16.9846890961761,262,Remendo
GH040167,34.0,16.9846890961761,262,Remendo
GH040167,34.0,16.9846890961761,262,Remendo
GH040167,34.0,16.9846890961761,262,Remendo
GH040167,34.0,16.9846890961761,262,Remendo
GH040167,34.0,16.9846890961761,262,Remendo
GH040167,34.0,16.9846890961761,262,Remendo
GH040167,34.0,16.9846890961761,262,Remendo
GH040167,34.0,16.9846890961761,262,Remendo
GH040167,34.0,16.9846890961761,262,Remendo
GH040167,34.0,16.9846890961761,262,Remendo
GH040167,34.0,16.9846890961761,262,Remendo
GH040167,34.0,19.5606500158922,262,Remendo
GH040167,34.0,19.5606500158922,262,Remendo
GH040167,34.0,19.5606500158922,262,Remendo
GH040167,34.0,19.5606500158922,262,Remendo
GH040167,34.0,19.5606500158922,262,Remendo
GH040167,34.0,19.5606500158922,262,Remendo
GH040167,34.0,19.5606500158922,262,Remendo
GH040167,34.0,19.5606500158922,262,Remendo
GH040167,34.0,19.5606500158922,262,Remendo
GH040167,34.0,19.5606500158922,262,Remendo
GH040167,34.0,19.5606500158922,262,Remendo
GH040167,34.0,19.5606500158922,262,Remendo
GH040167,34.0,19.5606500158922,262,Remendo
GH040167,34.0,19.5606500158922,262,Remendo
GH040167,34.0,19.5606500158922,262,Remendo
GH040167,34.0,19.5606500158922,262,Remendo
GH040167,34.0,19.5606500158922,262,Remendo
GH040167,34.0,19.5606500158922,262,Remendo
GH040167,34.0,19.5606500158922,262,Remendo
GH040167,34.0,19.5606500158922,262,Remendo
GH040167,34.0,19.5606500158922,262,Remendo
GH040167,34.0,19.5606500158922,262,Remendo
GH040167,34.0,19.5606500158922,262,Remendo
GH040167,34.0,19.5606500158922,262,Remendo
GH040167,34.0,19.5606500158922,262,Remendo
GH040167,34.0,19.5606500158922,262,Remendo
GH040167,34.0,19.5606500158922,262,Remendo
GH040167,34.0,19.5606500158922,262,Remendo
GH040167,34.0,19.5606500158922,262,Remendo
GH040167,34.0,19.5606500158922,262,Remendo
GH040167,34.0,19.5606500158922,262,Remendo
GH040167,34.0,19.5606500158922,262,Remendo
GH040167,34.0,19.5606500158922,262,Remendo
GH040167,34.0,19.5606500158922,262,Remendo
GH040167,34.0,20.8466860143452,262,Trinca
GH040167,34.0,20.8466860143452,262,Trinca
GH040167,34.0,20.8466860143452,262,Trinca
GH040167,34.0,20.8466860143452,262,Trinca
GH040167,34.0,20.8466860143452,262,Trinca
GH040167,34.0,20.8466860143452,262,Trinca
GH040167,34.0,20.8466860143452,262,Trinca
GH040167,34.0,20.8466860143452,262,Trinca
GH040167,34.0,20.8466860143452,262,Trinca
GH040167,34.0,20.8466860143452,262,Trinca
GH040167,34.0,20.8466860143452,262,Trinca
GH040167,34.0,20.8466860143452,262,Trinca
GH040167,34.0,20.8466860143452,262,Trinca
GH040167,34.0,20.8466860143452,262,Trinca
GH040167,34.0,20.8466860143452,262,Trinca
GH040167,34.0,20.8466860143452,262,Trinca
GH040167,34.0,20.8466860143452,262,Trinca
GH040167,34.0,20.8466860143452,262,Remendo
GH040167,34.0,20.8466860143452,262,Remendo
GH040167,34.0,20.8466860143452,262,Remendo
GH040167,34.0,20.8466860143452,262,Remendo
GH040167,34.0,20.8466860143452,262,Remendo
GH040167,34.0,20.8466860143452,262,Remendo
GH040167,34.0,20.8466860143452,262,Remendo
GH040167,34.0,20.8466860143452,262,Remendo
GH040167,34.0,20.8466860143452,262,Remendo
GH040167,34.0,20.8466860143452,262,Remendo
GH040167,34.0,20.8466860143452,262,Remendo
GH040167,34.0,20.8466860143452,262,Remendo
GH040167,34.0,20.8466860143452,262,Remendo
GH040167,34.0,20.8466860143452,262,Remendo
GH040167,34.0,20.8466860143452,262,Remendo
GH040167,34.0,20.8466860143452,262,Remendo
GH040167,34.0,20.8466860143452,262,Remendo
GH040167,34.0,20.8466860143452,262,Remendo
GH040167,34.0,20.8466860143452,262,Remendo
GH040167,34.0,20.8466860143452,262,Remendo
GH040167,34.0,20.8466860143452,262,Remendo
GH040167,34.0,20.8466860143452,262,Remendo
GH040167,34.0,20.8466860143452,262,Remendo
GH040167,34.0,20.8466860143452,262,Remendo
GH040167,34.0,20.8466860143452,262,Remendo
GH040167,34.0,20.8466860143452,262,Remendo
GH040167,34.0,20.8466860143452,262,Remendo
GH040167,34.0,20.8466860143452,262,Remendo
GH040167,34.0,20.8466860143452,262,Remendo
GH040167,34.0,20.8466860143452,262,Remendo
GH040167,34.0,20.8466860143452,262,Remendo
GH040167,34.0,20.8466860143452,262,Remendo
GH040167,34.0,20.8466860143452,262,Remendo
GH040167,34.0,20.8466860143452,262,Remendo
GH040167,34.0,21.7190031928308,262,Remendo
GH040167,34.0,21.7190031928308,262,Remendo
GH040167,34.0,21.7190031928308,262,Remendo
GH040167,34.0,21.7190031928308,262,Remendo
GH040167,34.0,21.7190031928308,262,Remendo
GH040167,34.0,21.7190031928308,262,Remendo
GH040167,34.0,21.7190031928308,262,Remendo
GH040167,34.0,21.7190031928308,262,Remendo
GH040167,34.0,21.7190031928308,262,Remendo
GH040167,34.0,21.7190031928308,262,Remendo
GH040167,34.0,21.7190031928308,262,Remendo
GH040167,34.0,21.7190031928308,262,Remendo
GH040167,34.0,21.7190031928308,262,Remendo
GH040167,34.0,21.7190031928308,262,Remendo
GH040167,34.0,21.7190031928308,262,Remendo
GH040167,34.0,21.7190031928308,262,Remendo
GH040167,34.0,21.7190031928308,262,Remendo
GH040167,34.0,23.4439847490692,262,Remendo
GH040167,34.0,23.4439847490692,262,Remendo
GH040167,34.0,23.4439847490692,262,Remendo
GH040167,34.0,23.4439847490692,262,Remendo
GH040167,34.0,23.4439847490692,262,Remendo
GH040167,34.0,23.4439847490692,262,Remendo
GH040167,34.0,23.4439847490692,262,Remendo
GH040167,34.0,23.4439847490692,262,Remendo
GH040167,34.0,23.4439847490692,262,Remendo
GH040167,34.0,23.4439847490692,262,Remendo
GH040167,34.0,23.4439847490692,262,Remendo
GH040167,34.0,23.4439847490692,262,Remendo
GH040167,34.0,23.4439847490692,262,Remendo
GH040167,34.0,23.4439847490692,262,Remendo
GH040167,34.0,23.4439847490692,262,Remendo
GH040167,34.0,23.4439847490692,262,Remendo
GH040167,34.0,23.4439847490692,262,Remendo
GH040167,34.0,23.8702057956898,262,Remendo
GH040167,34.0,23.8702057956898,262,Remendo
GH040167,34.0,23.8702057956898,262,Remendo
GH040167,34.0,23.8702057956898,262,Remendo
GH040167,34.0,23.8702057956898,262,Remendo
GH040167,34.0,23.8702057956898,262,Remendo
GH040167,34.0,23.8702057956898,262,Remendo
GH040167,34.0,23.8702057956898,262,Remendo
GH040167,34.0,23.8702057956898,262,Remendo
GH040167,34.0,23.8702057956898,262,Remendo
GH040167,34.0,23.8702057956898,262,Remendo
GH040167,34.0,23.8702057956898,262,Remendo
GH040167,34.0,23.8702057956898,262,Remendo
GH040167,34.0,23.8702057956898,262,Remendo
GH040167,34.0,23.8702057956898,262,Remendo
GH040167,34.0,23.8702057956898,262,Remendo
GH040167,34.0,23.8702057956898,262,Remendo
GH040167,34.0,28.4089329774402,262,Remendo
GH040167,34.0,28.4089329774402,262,Remendo
GH040167,34.0,28.4089329774402,262,Remendo
GH040167,34.0,28.4089329774402,262,Remendo
GH040167,34.0,28.4089329774402,262,Remendo
GH040167,34.0,28.4089329774402,262,Remendo
GH040167,34.0,28.4089329774402,262,Remendo
GH040167,34.0,28.4089329774402,262,Remendo
GH040167,34.0,28.4089329774402,262,Remendo
GH040167,34.0,28.4089329774402,262,Remendo
GH040167,34.0,28.4089329774402,262,Remendo
GH040167,34.0,28.4089329774402,262,Remendo
GH040167,34.0,28.4089329774402,262,Remendo
GH040167,34.0,28.4089329774402,262,Remendo
GH040167,34.0,28.4089329774402,262,Remendo
GH040167,34.0,28.4089329774402,262,Remendo
GH040167,34.0,28.4089329774402,262,Remendo
GH040167,34.0,28.4089329774402,262,Remendo
GH040167,34.0,28.4089329774402,262,Remendo
GH040167,34.0,28.4089329774402,262,Remendo
GH040167,34.0,28.4089329774402,262,Remendo
GH040167,34.0,28.4089329774402,262,Remendo
GH040167,34.0,28.4089329774402,262,Remendo
GH040167,34.0,28.4089329774402,262,Remendo
GH040167,34.0,28.4089329774402,262,Remendo
GH040167,34.0,28.4089329774402,262,Remendo
GH040167,34.0,28.4089329774402,262,Remendo
GH040167,34.0,28.4089329774402,262,Remendo
GH040167,34.0,28.4089329774402,262,Remendo
GH040167,34.0,28.4089329774402,262,Remendo
GH040167,34.0,28.4089329774402,262,Remendo
GH040167,34.0,28.4089329774402,262,Remendo
GH040167,34.0,28.4089329774402,262,Remendo
GH040167,34.0,28.4089329774402,262,Remendo
GH040167,34.0,34.3053271475066,262,Remendo
GH040167,34.0,34.3053271475066,262,Remendo
GH040167,34.0,34.3053271475066,262,Remendo
GH040167,34.0,34.3053271475066,262,Remendo
GH040167,34.0,34.3053271475066,262,Remendo
GH040167,34.0,34.3053271475066,262,Remendo
GH040167,34.0,34.3053271475066,262,Remendo
GH040167,34.0,34.3053271475066,262,Remendo
GH040167,34.0,34.3053271475066,262,Remendo
GH040167,34.0,34.3053271475066,262,Remendo
GH040167,34.0,34.3053271475066,262,Remendo
GH040167,34.0,34.3053271475066,262,Remendo
GH040167,34.0,34.3053271475066,262,Remendo
GH040167,34.0,34.3053271475066,262,Remendo
GH040167,34.0,34.3053271475066,262,Remendo
GH040167,34.0,34.3053271475066,262,Remendo
GH040167,34.0,34.3053271475066,262,Remendo
GH040167,34.0,39.6992648357197,262,Remendo
GH040167,34.0,39.6992648357197,262,Remendo
GH040167,34.0,39.6992648357197,262,Remendo
GH040167,34.0,39.6992648357197,262,Remendo
GH040167,34.0,39.6992648357197,262,Remendo
GH040167,34.0,39.6992648357197,262,Remendo
GH040167,34.0,39.6992648357197,262,Remendo
GH040167,34.0,39.6992648357197,262,Remendo
GH040167,34.0,39.6992648357197,262,Remendo
GH040167,34.0,39.6992648357197,262,Remendo
GH040167,34.0,39.6992648357197,262,Remendo
GH040167,34.0,39.6992648357197,262,Remendo
GH040167,34.0,39.6992648357197,262,Remendo
GH040167,34.0,39.6992648357197,262,Remendo
GH040167,34.0,39.6992648357197,262,Remendo
GH040167,34.0,39.6992648357197,262,Remendo
GH040167,34.0,39.6992648357197,262,Remendo
GH040167,34.0,40.6485134878185,262,Drenagem
GH040167,34.0,40.6485134878185,262,Drenagem
GH040167,34.0,40.6485134878185,262,Drenagem
GH040167,34.0,40.6485134878185,262,Drenagem
GH040167,34.0,40.6485134878185,262,Drenagem
GH040167,34.0,40.6485134878185,262,Drenagem
GH040167,34.0,40.6485134878185,262,Drenagem
GH040167,34.0,40.6485134878185,262,Drenagem
GH040167,34.0,40.6485134878185,262,Drenagem
GH040167,34.0,40.6485134878185,262,Drenagem
GH040167,34.0,40.6485134878185,262,Drenagem
GH040167,34.0,40.6485134878185,262,Drenagem
GH040167,34.0,40.6485134878185,262,Drenagem
GH040167,34.0,40.6485134878185,262,Drenagem
GH040167,34.0,40.6485134878185,262,Drenagem
GH040167,34.0,40.6485134878185,262,Drenagem
GH040167,34.0,40.6485134878185,262,Drenagem
GH040167,34.0,40.9801755269979,262,Trinca
GH040167,34.0,40.9801755269979,262,Trinca
GH040167,34.0,40.9801755269979,262,Trinca
GH040167,34.0,40.9801755269979,262,Trinca
GH040167,34.0,40.9801755269979,262,Trinca
GH040167,34.0,40.9801755269979,262,Trinca
GH040167,34.0,40.9801755269979,262,Trinca
GH040167,34.0,40.9801755269979,262,Trinca
GH040167,34.0,40.9801755269979,262,Trinca
GH040167,34.0,40.9801755269979,262,Trinca
GH040167,34.0,40.9801755269979,262,Trinca
GH040167,34.0,40.9801755269979,262,Trinca
GH040167,34.0,40.9801755269979,262,Trinca
GH040167,34.0,40.9801755269979,262,Trinca
GH040167,34.0,40.9801755269979,262,Trinca
GH040167,34.0,40.9801755269979,262,Trinca
GH040167,34.0,40.9801755269979,262,Trinca
GH040167,34.0,57.7456999881927,262,Remendo
GH040167,34.0,57.7456999881927,262,Remendo
GH040167,34.0,57.7456999881927,262,Remendo
GH040167,34.0,57.7456999881927,262,Remendo
GH040167,34.0,57.7456999881927,262,Remendo
GH040167,34.0,57.7456999881927,262,Remendo
GH040167,34.0,57.7456999881927,262,Remendo
GH040167,34.0,57.7456999881927,262,Remendo
GH040167,34.0,57.7456999881927,262,Remendo
GH040167,34.0,57.7456999881927,262,Remendo
GH040167,34.0,57.7456999881927,262,Remendo
GH040167,34.0,57.7456999881927,262,Remendo
GH040167,34.0,57.7456999881927,262,Remendo
GH040167,34.0,57.7456999881927,262,Remendo
GH040167,34.0,57.7456999881927,262,Remendo
GH040167,34.0,57.7456999881927,262,Remendo
GH040167,34.0,57.7456999881927,262,Remendo
GH040167,34.0,59.0324424082439,262,Remendo
GH040167,34.0,59.0324424082439,262,Remendo
GH040167,34.0,59.0324424082439,262,Remendo
GH040167,34.0,59.0324424082439,262,Remendo
GH040167,34.0,59.0324424082439,262,Remendo
GH040167,34.0,59.0324424082439,262,Remendo
GH040167,34.0,59.0324424082439,262,Remendo
GH040167,34.0,59.0324424082439,262,Remendo
GH040167,34.0,59.0324424082439,262,Remendo
GH040167,34.0,59.0324424082439,262,Remendo
GH040167,34.0,59.0324424082439,262,Remendo
GH040167,34.0,59.0324424082439,262,Remendo
GH040167,34.0,59.0324424082439,262,Remendo
GH040167,34.0,59.0324424082439,262,Remendo
GH040167,34.0,59.0324424082439,262,Remendo
GH040167,34.0,59.0324424082439,262,Remendo
GH040167,34.0,59.0324424082439,262,Remendo
GH040167,34.0,60.3604268235474,262,Remendo
GH040167,34.0,60.3604268235474,262,Remendo
GH040167,34.0,60.3604268235474,262,Remendo
GH040167,34.0,60.3604268235474,262,Remendo
GH040167,34.0,60.3604268235474,262,Remendo
GH040167,34.0,60.3604268235474,262,Remendo
GH040167,34.0,60.3604268235474,262,Remendo
GH040167,34.0,60.3604268235474,262,Remendo
GH040167,34.0,60.3604268235474,262,Remendo
GH040167,34.0,60.3604268235474,262,Remendo
GH040167,34.0,60.3604268235474,262,Remendo
GH040167,34.0,60.3604268235474,262,Remendo
GH040167,34.0,60.3604268235474,262,Remendo
GH040167,34.0,60.3604268235474,262,Remendo
GH040167,34.0,60.3604268235474,262,Remendo
GH040167,34.0,60.3604268235474,262,Remendo
GH040167,34.0,60.3604268235474,262,Remendo
GH040167,34.0,60.9872615099974,262,Trinca
GH040167,34.0,60.9872615099974,262,Trinca
GH040167,34.0,60.9872615099974,262,Trinca
GH040167,34.0,60.9872615099974,262,Trinca
GH040167,34.0,60.9872615099974,262,Trinca
GH040167,34.0,60.9872615099974,262,Trinca
GH040167,34.0,60.9872615099974,262,Trinca
GH040167,34.0,60.9872615099974,262,Trinca
GH040167,34.0,60.9872615099974,262,Trinca
GH040167,34.0,60.9872615099974,262,Trinca
GH040167,34.0,60.9872615099974,262,Trinca
GH040167,34.0,60.9872615099974,262,Trinca
GH040167,34.0,60.9872615099974,262,Trinca
GH040167,34.0,60.9872615099974,262,Trinca
GH040167,34.0,60.9872615099974,262,Trinca
GH040167,34.0,60.9872615099974,262,Trinca
GH040167,34.0,60.9872615099974,262,Trinca
GH040167,34.0,62.085155922887,262,Remendo
GH040167,34.0,62.085155922887,262,Remendo
GH040167,34.0,62.085155922887,262,Remendo
GH040167,34.0,62.085155922887,262,Remendo
GH040167,34.0,62.085155922887,262,Remendo
GH040167,34.0,62.085155922887,262,Remendo
GH040167,34.0,62.085155922887,262,Remendo
GH040167,34.0,62.085155922887,262,Remendo
GH040167,34.0,62.085155922887,262,Remendo
GH040167,34.0,62.085155922887,262,Remendo
GH040167,34.0,62.085155922887,262,Remendo
GH040167,34.0,62.085155922887,262,Remendo
GH040167,34.0,62.085155922887,262,Remendo
GH040167,34.0,62.085155922887,262,Remendo
GH040167,34.0,62.085155922887,262,Remendo
GH040167,34.0,62.085155922887,262,Remendo
GH040167,34.0,62.085155922887,262,Remendo
GH040167,34.0,62.7617414602989,262,Remendo
GH040167,34.0,62.7617414602989,262,Remendo
GH040167,34.0,62.7617414602989,262,Remendo
GH040167,34.0,62.7617414602989,262,Remendo
GH040167,34.0,62.7617414602989,262,Remendo
GH040167,34.0,62.7617414602989,262,Remendo
GH040167,34.0,62.7617414602989,262,Remendo
GH040167,34.0,62.7617414602989,262,Remendo
GH040167,34.0,62.7617414602989,262,Remendo
GH040167,34.0,62.7617414602989,262,Remendo
GH040167,34.0,62.7617414602989,262,Remendo
GH040167,34.0,62.7617414602989,262,Remendo
GH040167,34.0,62.7617414602989,262,Remendo
GH040167,34.0,62.7617414602989,262,Remendo
GH040167,34.0,62.7617414602989,262,Remendo
GH040167,34.0,62.7617414602989,262,Remendo
GH040167,34.0,62.7617414602989,262,Remendo
GH040167,34.0,64.4009735874077,262,Remendo
GH040167,34.0,64.4009735874077,262,Remendo
GH040167,34.0,64.4009735874077,262,Remendo
GH040167,34.0,64.4009735874077,262,Remendo
GH040167,34.0,64.4009735874077,262,Remendo
GH040167,34.0,64.4009735874077,262,Remendo
GH040167,34.0,64.4009735874077,262,Remendo
GH040167,34.0,64.4009735874077,262,Remendo
GH040167,34.0,64.4009735874077,262,Remendo
GH040167,34.0,64.4009735874077,262,Remendo
GH040167,34.0,64.4009735874077,262,Remendo
GH040167,34.0,64.4009735874077,262,Remendo
GH040167,34.0,64.4009735874077,262,Remendo
GH040167,34.0,64.4009735874077,262,Remendo
GH040167,34.0,64.4009735874077,262,Remendo
GH040167,34.0,64.4009735874077,262,Remendo
GH040167,34.0,64.4009735874077,262,Remendo
GH040167,34.0,69.3460476383724,262,Drenagem
GH040167,34.0,69.3460476383724,262,Drenagem
GH040167,34.0,69.3460476383724,262,Drenagem
GH040167,34.0,69.3460476383724,262,Drenagem
GH040167,34.0,69.3460476383724,262,Drenagem
GH040167,34.0,69.3460476383724,262,Drenagem
GH040167,34.0,69.3460476383724,262,Drenagem
GH040167,34.0,69.3460476383724,262,Drenagem
GH040167,34.0,69.3460476383724,262,Drenagem
GH040167,34.0,69.3460476383724,262,Drenagem
GH040167,34.0,69.3460476383724,262,Drenagem
GH040167,34.0,69.3460476383724,262,Drenagem
GH040167,34.0,69.3460476383724,262,Drenagem
GH040167,34.0,69.3460476383724,262,Drenagem
GH040167,34.0,69.3460476383724,262,Drenagem
GH040167,34.0,69.3460476383724,262,Drenagem
GH040167,34.0,69.3460476383724,262,Drenagem
GH040167,34.0,75.1647915995284,262,Remendo
GH040167,34.0,75.1647915995284,262,Remendo
GH040167,34.0,75.1647915995284,262,Remendo
GH040167,34.0,75.1647915995284,262,Remendo
GH040167,34.0,75.1647915995284,262,Remendo
GH040167,34.0,75.1647915995284,262,Remendo
GH040167,34.0,75.1647915995284,262,Remendo
GH040167,34.0,75.1647915995284,262,Remendo
GH040167,34.0,75.1647915995284,262,Remendo
GH040167,34.0,75.1647915995284,262,Remendo
GH040167,34.0,75.1647915995284,262,Remendo
GH040167,34.0,75.1647915995284,262,Remendo
GH040167,34.0,75.1647915995284,262,Remendo
GH040167,34.0,75.1647915995284,262,Remendo
GH040167,34.0,75.1647915995284,262,Remendo
GH040167,34.0,75.1647915995284,262,Remendo
GH040167,34.0,75.1647915995284,262,Remendo
GH040167,34.0,75.4469443971027,262,Remendo
GH040167,34.0,75.4469443971027,262,Remendo
GH040167,34.0,75.4469443971027,262,Remendo
GH040167,34.0,75.4469443971027,262,Remendo
GH040167,34.0,75.4469443971027,262,Remendo
GH040167,34.0,75.4469443971027,262,Remendo
GH040167,34.0,75.4469443971027,262,Remendo
GH040167,34.0,75.4469443971027,262,Remendo
GH040167,34.0,75.4469443971027,262,Remendo
GH040167,34.0,75.4469443971027,262,Remendo
GH040167,34.0,75.4469443971027,262,Remendo
GH040167,34.0,75.4469443971027,262,Remendo
GH040167,34.0,75.4469443971027,262,Remendo
GH040167,34.0,75.4469443971027,262,Remendo
GH040167,34.0,75.4469443971027,262,Remendo
GH040167,34.0,75.4469443971027,262,Remendo
GH040167,34.0,75.4469443971027,262,Remendo
GH040167,34.0,77.5109202209351,262,Buraco
GH040167,34.0,77.5109202209351,262,Buraco
GH040167,34.0,77.5109202209351,262,Buraco
GH040167,34.0,77.5109202209351,262,Buraco
GH040167,34.0,77.5109202209351,262,Buraco
GH040167,34.0,77.5109202209351,262,Buraco
GH040167,34.0,77.5109202209351,262,Buraco
GH040167,34.0,77.5109202209351,262,Buraco
GH040167,34.0,77.5109202209351,262,Buraco
GH040167,34.0,77.5109202209351,262,Buraco
GH040167,34.0,77.5109202209351,262,Buraco
GH040167,34.0,77.5109202209351,262,Buraco
GH040167,34.0,77.5109202209351,262,Buraco
GH040167,34.0,77.5109202209351,262,Buraco
GH040167,34.0,77.5109202209351,262,Buraco
GH040167,34.0,77.5109202209351,262,Buraco
GH040167,34.0,77.5109202209351,262,Buraco
GH040167,34.0,79.7200631497486,262,Remendo
GH040167,34.0,79.7200631497486,262,Remendo
GH040167,34.0,79.7200631497486,262,Remendo
GH040167,34.0,79.7200631497486,262,Remendo
GH040167,34.0,79.7200631497486,262,Remendo
GH040167,34.0,79.7200631497486,262,Remendo
GH040167,34.0,79.7200631497486,262,Remendo
GH040167,34.0,79.7200631497486,262,Remendo
GH040167,34.0,79.7200631497486,262,Remendo
GH040167,34.0,79.7200631497486,262,Remendo
GH040167,34.0,79.7200631497486,262,Remendo
GH040167,34.0,79.7200631497486,262,Remendo
GH040167,34.0,79.7200631497486,262,Remendo
GH040167,34.0,79.7200631497486,262,Remendo
GH040167,34.0,79.7200631497486,262,Remendo
GH040167,34.0,79.7200631497486,262,Remendo
GH040167,34.0,79.7200631497486,262,Remendo
GH040167,34.0,81.2245277656006,262,Trinca
GH040167,34.0,81.2245277656006,262,Trinca
GH040167,34.0,81.2245277656006,262,Trinca
GH040167,34.0,81.2245277656006,262,Trinca
GH040167,34.0,81.2245277656006,262,Trinca
GH040167,34.0,81.2245277656006,262,Trinca
GH040167,34.0,81.2245277656006,262,Trinca
GH040167,34.0,81.2245277656006,262,Trinca
GH040167,34.0,81.2245277656006,262,Trinca
GH040167,34.0,81.2245277656006,262,Trinca
GH040167,34.0,81.2245277656006,262,Trinca
GH040167,34.0,81.2245277656006,262,Trinca
GH040167,34.0,81.2245277656006,262,Trinca
GH040167,34.0,81.2245277656006,262,Trinca
GH040167,34.0,81.2245277656006,262,Trinca
GH040167,34.0,81.2245277656006,262,Trinca
GH040167,34.0,81.2245277656006,262,Trinca
GH040167,34.0,89.182426477264,262,Placa
GH040167,34.0,89.182426477264,262,Placa
GH040167,34.0,89.182426477264,262,Placa
GH040167,34.0,89.182426477264,262,Placa
GH040167,34.0,89.182426477264,262,Placa
GH040167,34.0,89.182426477264,262,Placa
GH040167,34.0,89.182426477264,262,Placa
GH040167,34.0,89.182426477264,262,Placa
GH040167,34.0,89.182426477264,262,Placa
GH040167,34.0,89.182426477264,262,Placa
GH040167,34.0,89.182426477264,262,Placa
GH040167,34.0,89.182426477264,262,Placa
GH040167,34.0,89.182426477264,262,Placa
GH040167,34.0,89.182426477264,262,Placa
GH040167,34.0,89.182426477264,262,Placa
GH040167,34.0,89.182426477264,262,Placa
GH040167,34.0,89.182426477264,262,Placa
GH040167,34.0,92.5596284292035,262,Buraco
GH040167,34.0,92.5596284292035,262,Buraco
GH040167,34.0,92.5596284292035,262,Buraco
GH040167,34.0,92.5596284292035,262,Buraco
GH040167,34.0,92.5596284292035,262,Buraco
GH040167,34.0,92.5596284292035,262,Buraco
GH040167,34.0,92.5596284292035,262,Buraco
GH040167,34.0,92.5596284292035,262,Buraco
GH040167,34.0,92.5596284292035,262,Buraco
GH040167,34.0,92.5596284292035,262,Buraco
GH040167,34.0,92.5596284292035,262,Buraco
GH040167,34.0,92.5596284292035,262,Buraco
GH040167,34.0,92.5596284292035,262,Buraco
GH040167,34.0,92.5596284292035,262,Buraco
GH040167,34.0,92.5596284292035,262,Buraco
GH040167,34.0,92.5596284292035,262,Buraco
GH040167,34.0,92.5596284292035,262,Buraco
GH040167,34.0,95.9074265415586,262,Drenagem
GH040167,34.0,95.9074265415586,262,Drenagem
GH040167,34.0,95.9074265415586,262,Drenagem
GH040167,34.0,95.9074265415586,262,Drenagem
GH040167,34.0,95.9074265415586,262,Drenagem
GH040167,34.0,95.9074265415586,262,Drenagem
GH040167,34.0,95.9074265415586,262,Drenagem
GH040167,34.0,95.9074265415586,262,Drenagem
GH040167,34.0,95.9074265415586,262,Drenagem
GH040167,34.0,95.9074265415586,262,Drenagem
GH040167,34.0,95.9074265415586,262,Drenagem
GH040167,34.0,95.9074265415586,262,Drenagem
GH040167,34.0,95.9074265415586,262,Drenagem
GH040167,34.0,95.9074265415586,262,Drenagem
GH040167,34.0,95.9074265415586,262,Drenagem
GH040167,34.0,95.9074265415586,262,Drenagem
GH040167,34.0,95.9074265415586,262,Drenagem
GH040167,34.0,97.5495736757046,262,Remendo
GH040167,34.0,97.5495736757046,262,Remendo
GH040167,34.0,97.5495736757046,262,Remendo
GH040167,34.0,97.5495736757046,262,Remendo
GH040167,34.0,97.5495736757046,262,Remendo
GH040167,34.0,97.5495736757046,262,Remendo
GH040167,34.0,97.5495736757046,262,Remendo
GH040167,34.0,97.5495736757046,262,Remendo
GH040167,34.0,97.5495736757046,262,Remendo
GH040167,34.0,97.5495736757046,262,Remendo
GH040167,34.0,97.5495736757046,262,Remendo
GH040167,34.0,97.5495736757046,262,Remendo
GH040167,34.0,97.5495736757046,262,Remendo
GH040167,34.0,97.5495736757046,262,Remendo
GH040167,34.0,97.5495736757046,262,Remendo
GH040167,34.0,97.5495736757046,262,Remendo
GH040167,34.0,97.5495736757046,262,Remendo
GH040167,34.0,98.3799709213493,262,Remendo
GH040167,34.0,98.3799709213493,262,Remendo
GH040167,34.0,98.3799709213493,262,Remendo
GH040167,34.0,98.3799709213493,262,Remendo
GH040167,34.0,98.3799709213493,262,Remendo
GH040167,34.0,98.3799709213493,262,Remendo
GH040167,34.0,98.3799709213493,262,Remendo
GH040167,34.0,98.3799709213493,262,Remendo
GH040167,34.0,98.3799709213493,262,Remendo
GH040167,34.0,98.3799709213493,262,Remendo
GH040167,34.0,98.3799709213493,262,Remendo
GH040167,34.0,98.3799709213493,262,Remendo
GH040167,34.0,98.3799709213493,262,Remendo
GH040167,34.0,98.3799709213493,262,Remendo
GH040167,34.0,98.3799709213493,262,Remendo
GH040167,34.0,98.3799709213493,262,Remendo
GH040167,34.0,98.3799709213493,262,Remendo
GH040167,34.0,101.23752302636,262,Trinca
GH040167,34.0,101.23752302636,262,Trinca
GH040167,34.0,101.23752302636,262,Trinca
GH040167,34.0,101.23752302636,262,Trinca
GH040167,34.0,101.23752302636,262,Trinca
GH040167,34.0,101.23752302636,262,Trinca
GH040167,34.0,101.23752302636,262,Trinca
GH040167,34.0,101.23752302636,262,Trinca
GH040167,34.0,101.23752302636,262,Trinca
GH040167,34.0,101.23752302636,262,Trinca
GH040167,34.0,101.23752302636,262,Trinca
GH040167,34.0,101.23752302636,262,Trinca
GH040167,34.0,101.23752302636,262,Trinca
GH040167,34.0,101.23752302636,262,Trinca
GH040167,34.0,101.23752302636,262,Trinca
GH040167,34.0,101.23752302636,262,Trinca
GH040167,34.0,101.23752302636,262,Trinca
GH040167,34.0,105.240645914833,262,Remendo
GH040167,34.0,105.240645914833,262,Remendo
GH040167,34.0,105.240645914833,262,Remendo
GH040167,34.0,105.240645914833,262,Remendo
GH040167,34.0,105.240645914833,262,Remendo
GH040167,34.0,105.240645914833,262,Remendo
GH040167,34.0,105.240645914833,262,Remendo
GH040167,34.0,105.240645914833,262,Remendo
GH040167,34.0,105.240645914833,262,Remendo
GH040167,34.0,105.240645914833,262,Remendo
GH040167,34.0,105.240645914833,262,Remendo
GH040167,34.0,105.240645914833,262,Remendo
GH040167,34.0,105.240645914833,262,Remendo
GH040167,34.0,105.240645914833,262,Remendo
GH040167,34.0,105.240645914833,262,Remendo
GH040167,34.0,105.240645914833,262,Remendo
GH040167,34.0,105.240645914833,262,Remendo
GH040167,34.0,108.241093478261,262,Remendo
GH040167,34.0,108.241093478261,262,Remendo
GH040167,34.0,108.241093478261,262,Remendo
GH040167,34.0,108.241093478261,262,Remendo
GH040167,34.0,108.241093478261,262,Remendo
GH040167,34.0,108.241093478261,262,Remendo
GH040167,34.0,108.241093478261,262,Remendo
GH040167,34.0,108.241093478261,262,Remendo
GH040167,34.0,108.241093478261,262,Remendo
GH040167,34.0,108.241093478261,262,Remendo
GH040167,34.0,108.241093478261,262,Remendo
GH040167,34.0,108.241093478261,262,Remendo
GH040167,34.0,108.241093478261,262,Remendo
GH040167,34.0,108.241093478261,262,Remendo
GH040167,34.0,108.241093478261,262,Remendo
GH040167,34.0,108.241093478261,262,Remendo
GH040167,34.0,108.241093478261,262,Remendo
GH040167,34.0,108.241093478261,262,Remendo
GH040167,34.0,108.241093478261,262,Remendo
GH040167,34.0,108.241093478261,262,Remendo
GH040167,34.0,108.241093478261,262,Remendo
GH040167,34.0,108.241093478261,262,Remendo
GH040167,34.0,108.241093478261,262,Remendo
GH040167,34.0,108.241093478261,262,Remendo
GH040167,34.0,108.241093478261,262,Remendo
GH040167,34.0,108.241093478261,262,Remendo
GH040167,34.0,108.241093478261,262,Remendo
GH040167,34.0,108.241093478261,262,Remendo
GH040167,34.0,108.241093478261,262,Remendo
GH040167,34.0,108.241093478261,262,Remendo
GH040167,34.0,108.241093478261,262,Remendo
GH040167,34.0,108.241093478261,262,Remendo
GH040167,34.0,108.241093478261,262,Remendo
GH040167,34.0,108.241093478261,262,Remendo
GH040167,34.0,109.998376728121,262,Remendo
GH040167,34.0,109.998376728121,262,Remendo
GH040167,34.0,109.998376728121,262,Remendo
GH040167,34.0,109.998376728121,262,Remendo
GH040167,34.0,109.998376728121,262,Remendo
GH040167,34.0,109.998376728121,262,Remendo
GH040167,34.0,109.998376728121,262,Remendo
GH040167,34.0,109.998376728121,262,Remendo
GH040167,34.0,109.998376728121,262,Remendo
GH040167,34.0,109.998376728121,262,Remendo
GH040167,34.0,109.998376728121,262,Remendo
GH040167,34.0,109.998376728121,262,Remendo
GH040167,34.0,109.998376728121,262,Remendo
GH040167,34.0,109.998376728121,262,Remendo
GH040167,34.0,109.998376728121,262,Remendo
GH040167,34.0,109.998376728121,262,Remendo
GH040167,34.0,109.998376728121,262,Remendo
GH040167,34.0,110.878408783448,262,Remendo
GH040167,34.0,110.878408783448,262,Remendo
GH040167,34.0,110.878408783448,262,Remendo
GH040167,34.0,110.878408783448,262,Remendo
GH040167,34.0,110.878408783448,262,Remendo
GH040167,34.0,110.878408783448,262,Remendo
GH040167,34.0,110.878408783448,262,Remendo
GH040167,34.0,110.878408783448,262,Remendo
GH040167,34.0,110.878408783448,262,Remendo
GH040167,34.0,110.878408783448,262,Remendo
GH040167,34.0,110.878408783448,262,Remendo
GH040167,34.0,110.878408783448,262,Remendo
GH040167,34.0,110.878408783448,262,Remendo
GH040167,34.0,110.878408783448,262,Remendo
GH040167,34.0,110.878408783448,262,Remendo
GH040167,34.0,110.878408783448,262,Remendo
GH040167,34.0,110.878408783448,262,Remendo
GH040167,34.0,115.81526672687,262,Remendo
GH040167,34.0,115.81526672687,262,Remendo
GH040167,34.0,115.81526672687,262,Remendo
GH040167,34.0,115.81526672687,262,Remendo
GH040167,34.0,115.81526672687,262,Remendo
GH040167,34.0,115.81526672687,262,Remendo
GH040167,34.0,115.81526672687,262,Remendo
GH040167,34.0,115.81526672687,262,Remendo
GH040167,34.0,115.81526672687,262,Remendo
GH040167,34.0,115.81526672687,262,Remendo
GH040167,34.0,115.81526672687,262,Remendo
GH040167,34.0,115.81526672687,262,Remendo
GH040167,34.0,115.81526672687,262,Remendo
GH040167,34.0,115.81526672687,262,Remendo
GH040167,34.0,115.81526672687,262,Remendo
GH040167,34.0,115.81526672687,262,Remendo
GH040167,34.0,115.81526672687,262,Remendo
GH040167,34.0,121.462292156629,262,Trinca
GH040167,34.0,121.462292156629,262,Trinca
GH040167,34.0,121.462292156629,262,Trinca
GH040167,34.0,121.462292156629,262,Trinca
GH040167,34.0,121.462292156629,262,Trinca
GH040167,34.0,121.462292156629,262,Trinca
GH040167,34.0,121.462292156629,262,Trinca
GH040167,34.0,121.462292156629,262,Trinca
GH040167,34.0,121.462292156629,262,Trinca
GH040167,34.0,121.462292156629,262,Trinca
GH040167,34.0,121.462292156629,262,Trinca
GH040167,34.0,121.462292156629,262,Trinca
GH040167,34.0,121.462292156629,262,Trinca
GH040167,34.0,121.462292156629,262,Trinca
GH040167,34.0,121.462292156629,262,Trinca
GH040167,34.0,121.462292156629,262,Trinca
GH040167,34.0,121.462292156629,262,Trinca
GH040167,34.0,123.713731655731,262,Drenagem
GH040167,34.0,123.713731655731,262,Drenagem
GH040167,34.0,123.713731655731,262,Drenagem
GH040167,34.0,123.713731655731,262,Drenagem
GH040167,34.0,123.713731655731,262,Drenagem
GH040167,34.0,123.713731655731,262,Drenagem
GH040167,34.0,123.713731655731,262,Drenagem
GH040167,34.0,123.713731655731,262,Drenagem
GH040167,34.0,123.713731655731,262,Drenagem
GH040167,34.0,123.713731655731,262,Drenagem
GH040167,34.0,123.713731655731,262,Drenagem
GH040167,34.0,123.713731655731,262,Drenagem
GH040167,34.0,123.713731655731,262,Drenagem
GH040167,34.0,123.713731655731,262,Drenagem
GH040167,34.0,123.713731655731,262,Drenagem
GH040167,34.0,123.713731655731,262,Drenagem
GH040167,34.0,123.713731655731,262,Drenagem
GH040167,34.0,141.827460174019,262,Trinca
GH040167,34.0,141.827460174019,262,Trinca
GH040167,34.0,141.827460174019,262,Trinca
GH040167,34.0,141.827460174019,262,Trinca
GH040167,34.0,141.827460174019,262,Trinca
GH040167,34.0,141.827460174019,262,Trinca
GH040167,34.0,141.827460174019,262,Trinca
GH040167,34.0,141.827460174019,262,Trinca
GH040167,34.0,141.827460174019,262,Trinca
GH040167,34.0,141.827460174019,262,Trinca
GH040167,34.0,141.827460174019,262,Trinca
GH040167,34.0,141.827460174019,262,Trinca
GH040167,34.0,141.827460174019,262,Trinca
GH040167,34.0,141.827460174019,262,Trinca
GH040167,34.0,141.827460174019,262,Trinca
GH040167,34.0,141.827460174019,262,Trinca
GH040167,34.0,141.827460174019,262,Trinca
GH040167,34.0,145.506268567136,262,Placa
GH040167,34.0,145.506268567136,262,Placa
GH040167,34.0,145.506268567136,262,Placa
GH040167,34.0,145.506268567136,262,Placa
GH040167,34.0,145.506268567136,262,Placa
GH040167,34.0,145.506268567136,262,Placa
GH040167,34.0,145.506268567136,262,Placa
GH040167,34.0,145.506268567136,262,Placa
GH040167,34.0,145.506268567136,262,Placa
GH040167,34.0,145.506268567136,262,Placa
GH040167,34.0,145.506268567136,262,Placa
GH040167,34.0,145.506268567136,262,Placa
GH040167,34.0,145.506268567136,262,Placa
GH040167,34.0,145.506268567136,262,Placa
GH040167,34.0,145.506268567136,262,Placa
GH040167,34.0,145.506268567136,262,Placa
GH040167,34.0,145.506268567136,262,Placa
GH040167,34.0,148.914554584792,262,Drenagem
GH040167,34.0,148.914554584792,262,Drenagem
GH040167,34.0,148.914554584792,262,Drenagem
GH040167,34.0,148.914554584792,262,Drenagem
GH040167,34.0,148.914554584792,262,Drenagem
GH040167,34.0,148.914554584792,262,Drenagem
GH040167,34.0,148.914554584792,262,Drenagem
GH040167,34.0,148.914554584792,262,Drenagem
GH040167,34.0,148.914554584792,262,Drenagem
GH040167,34.0,148.914554584792,262,Drenagem
GH040167,34.0,148.914554584792,262,Drenagem
GH040167,34.0,148.914554584792,262,Drenagem
GH040167,34.0,148.914554584792,262,Drenagem
GH040167,34.0,148.914554584792,262,Drenagem
GH040167,34.0,148.914554584792,262,Drenagem
GH040167,34.0,148.914554584792,262,Drenagem
GH040167,34.0,148.914554584792,262,Drenagem
GH040167,34.0,161.957360112619,262,Trinca
GH040167,34.0,161.957360112619,262,Trinca
GH040167,34.0,161.957360112619,262,Trinca
GH040167,34.0,161.957360112619,262,Trinca
GH040167,34.0,161.957360112619,262,Trinca
GH040167,34.0,161.957360112619,262,Trinca
GH040167,34.0,161.957360112619,262,Trinca
GH040167,34.0,161.957360112619,262,Trinca
GH040167,34.0,161.957360112619,262,Trinca
GH040167,34.0,161.957360112619,262,Trinca
GH040167,34.0,161.957360112619,262,Trinca
GH040167,34.0,161.957360112619,262,Trinca
GH040167,34.0,161.957360112619,262,Trinca
GH040167,34.0,161.957360112619,262,Trinca
GH040167,34.0,161.957360112619,262,Trinca
GH040167,34.0,161.957360112619,262,Trinca
GH040167,34.0,161.957360112619,262,Trinca
GH040167,34.0,168.343117371908,262,Placa
GH040167,34.0,168.343117371908,262,Placa
GH040167,34.0,168.343117371908,262,Placa
GH040167,34.0,168.343117371908,262,Placa
GH040167,34.0,168.343117371908,262,Placa
GH040167,34.0,168.343117371908,262,Placa
GH040167,34.0,168.343117371908,262,Placa
GH040167,34.0,168.343117371908,262,Placa
GH040167,34.0,168.343117371908,262,Placa
GH040167,34.0,168.343117371908,262,Placa
GH040167,34.0,168.343117371908,262,Placa
GH040167,34.0,168.343117371908,262,Placa
GH040167,34.0,168.343117371908,262,Placa
GH040167,34.0,168.343117371908,262,Placa
GH040167,34.0,168.343117371908,262,Placa
GH040167,34.0,168.343117371908,262,Placa
GH040167,34.0,168.343117371908,262,Placa
GH040167,34.0,174.775156874829,262,Drenagem
GH040167,34.0,174.775156874829,262,Drenagem
GH040167,34.0,174.775156874829,262,Drenagem
GH040167,34.0,174.775156874829,262,Drenagem
GH040167,34.0,174.775156874829,262,Drenagem
GH040167,34.0,174.775156874829,262,Drenagem
GH040167,34.0,174.775156874829,262,Drenagem
GH040167,34.0,174.775156874829,262,Drenagem
GH040167,34.0,174.775156874829,262,Drenagem
GH040167,34.0,174.775156874829,262,Drenagem
GH040167,34.0,174.775156874829,262,Drenagem
GH040167,34.0,174.775156874829,262,Drenagem
GH040167,34.0,174.775156874829,262,Drenagem
GH040167,34.0,174.775156874829,262,Drenagem
GH040167,34.0,174.775156874829,262,Drenagem
GH040167,34.0,174.775156874829,262,Drenagem
GH040167,34.0,174.775156874829,262,Drenagem
GH040167,34.0,181.662550467272,262,Remendo
GH040167,34.0,181.662550467272,262,Remendo
GH040167,34.0,181.662550467272,262,Remendo
GH040167,34.0,181.662550467272,262,Remendo
GH040167,34.0,181.662550467272,262,Remendo
GH040167,34.0,181.662550467272,262,Remendo
GH040167,34.0,181.662550467272,262,Remendo
GH040167,34.0,181.662550467272,262,Remendo
GH040167,34.0,181.662550467272,262,Remendo
GH040167,34.0,181.662550467272,262,Remendo
GH040167,34.0,181.662550467272,262,Remendo
GH040167,34.0,181.662550467272,262,Remendo
GH040167,34.0,181.662550467272,262,Remendo
GH040167,34.0,181.662550467272,262,Remendo
GH040167,34.0,181.662550467272,262,Remendo
GH040167,34.0,181.662550467272,262,Remendo
GH040167,34.0,181.662550467272,262,Remendo
GH040167,34.0,182.066449972638,262,Trinca
GH040167,34.0,182.066449972638,262,Trinca
GH040167,34.0,182.066449972638,262,Trinca
GH040167,34.0,182.066449972638,262,Trinca
GH040167,34.0,182.066449972638,262,Trinca
GH040167,34.0,182.066449972638,262,Trinca
GH040167,34.0,182.066449972638,262,Trinca
GH040167,34.0,182.066449972638,262,Trinca
GH040167,34.0,182.066449972638,262,Trinca
GH040167,34.0,182.066449972638,262,Trinca
GH040167,34.0,182.066449972638,262,Trinca
GH040167,34.0,182.066449972638,262,Trinca
GH040167,34.0,182.066449972638,262,Trinca
GH040167,34.0,182.066449972638,262,Trinca
GH040167,34.0,182.066449972638,262,Trinca
GH040167,34.0,182.066449972638,262,Trinca
GH040167,34.0,182.066449972638,262,Trinca
GH040167,34.0,185.664953404872,262,Remendo
GH040167,34.0,185.664953404872,262,Remendo
GH040167,34.0,185.664953404872,262,Remendo
GH040167,34.0,185.664953404872,262,Remendo
GH040167,34.0,185.664953404872,262,Remendo
GH040167,34.0,185.664953404872,262,Remendo
GH040167,34.0,185.664953404872,262,Remendo
GH040167,34.0,185.664953404872,262,Remendo
GH040167,34.0,185.664953404872,262,Remendo
GH040167,34.0,185.664953404872,262,Remendo
GH040167,34.0,185.664953404872,262,Remendo
GH040167,34.0,185.664953404872,262,Remendo
GH040167,34.0,185.664953404872,262,Remendo
GH040167,34.0,185.664953404872,262,Remendo
GH040167,34.0,185.664953404872,262,Remendo
GH040167,34.0,185.664953404872,262,Remendo
GH040167,34.0,185.664953404872,262,Remendo
GH040167,34.0,186.539504633775,262,Buraco
GH040167,34.0,186.539504633775,262,Buraco
GH040167,34.0,186.539504633775,262,Buraco
GH040167,34.0,186.539504633775,262,Buraco
GH040167,34.0,186.539504633775,262,Buraco
GH040167,34.0,186.539504633775,262,Buraco
GH040167,34.0,186.539504633775,262,Buraco
GH040167,34.0,186.539504633775,262,Buraco
GH040167,34.0,186.539504633775,262,Buraco
GH040167,34.0,186.539504633775,262,Buraco
GH040167,34.0,186.539504633775,262,Buraco
GH040167,34.0,186.539504633775,262,Buraco
GH040167,34.0,186.539504633775,262,Buraco
GH040167,34.0,186.539504633775,262,Buraco
GH040167,34.0,186.539504633775,262,Buraco
GH040167,34.0,186.539504633775,262,Buraco
GH040167,34.0,186.539504633775,262,Buraco
GH040167,34.0,187.764112931475,262,Remendo
GH040167,34.0,187.764112931475,262,Remendo
GH040167,34.0,187.764112931475,262,Remendo
GH040167,34.0,187.764112931475,262,Remendo
GH040167,34.0,187.764112931475,262,Remendo
GH040167,34.0,187.764112931475,262,Remendo
GH040167,34.0,187.764112931475,262,Remendo
GH040167,34.0,187.764112931475,262,Remendo
GH040167,34.0,187.764112931475,262,Remendo
GH040167,34.0,187.764112931475,262,Remendo
GH040167,34.0,187.764112931475,262,Remendo
GH040167,34.0,187.764112931475,262,Remendo
GH040167,34.0,187.764112931475,262,Remendo
GH040167,34.0,187.764112931475,262,Remendo
GH040167,34.0,187.764112931475,262,Remendo
GH040167,34.0,187.764112931475,262,Remendo
GH040167,34.0,187.764112931475,262,Remendo
GH040167,34.0,190.22070751166,262,Remendo
GH040167,34.0,190.22070751166,262,Remendo
GH040167,34.0,190.22070751166,262,Remendo
GH040167,34.0,190.22070751166,262,Remendo
GH040167,34.0,190.22070751166,262,Remendo
GH040167,34.0,190.22070751166,262,Remendo
GH040167,34.0,190.22070751166,262,Remendo
GH040167,34.0,190.22070751166,262,Remendo
GH040167,34.0,190.22070751166,262,Remendo
GH040167,34.0,190.22070751166,262,Remendo
GH040167,34.0,190.22070751166,262,Remendo
GH040167,34.0,190.22070751166,262,Remendo
GH040167,34.0,190.22070751166,262,Remendo
GH040167,34.0,190.22070751166,262,Remendo
GH040167,34.0,190.22070751166,262,Remendo
GH040167,34.0,190.22070751166,262,Remendo
GH040167,34.0,190.22070751166,262,Remendo
GH040167,34.0,195.453150252347,262,Remendo
GH040167,34.0,195.453150252347,262,Remendo
GH040167,34.0,195.453150252347,262,Remendo
GH040167,34.0,195.453150252347,262,Remendo
GH040167,34.0,195.453150252347,262,Remendo
GH040167,34.0,195.453150252347,262,Remendo
GH040167,34.0,195.453150252347,262,Remendo
GH040167,34.0,195.453150252347,262,Remendo
GH040167,34.0,195.453150252347,262,Remendo
GH040167,34.0,195.453150252347,262,Remendo
GH040167,34.0,195.453150252347,262,Remendo
GH040167,34.0,195.453150252347,262,Remendo
GH040167,34.0,195.453150252347,262,Remendo
GH040167,34.0,195.453150252347,262,Remendo
GH040167,34.0,195.453150252347,262,Remendo
GH040167,34.0,195.453150252347,262,Remendo
GH040167,34.0,195.453150252347,262,Remendo
GH040167,34.0,197.331494722369,262,Remendo
GH040167,34.0,197.331494722369,262,Remendo
GH040167,34.0,197.331494722369,262,Remendo
GH040167,34.0,197.331494722369,262,Remendo
GH040167,34.0,197.331494722369,262,Remendo
GH040167,34.0,197.331494722369,262,Remendo
GH040167,34.0,197.331494722369,262,Remendo
GH040167,34.0,197.331494722369,262,Remendo
GH040167,34.0,197.331494722369,262,Remendo
GH040167,34.0,197.331494722369,262,Remendo
GH040167,34.0,197.331494722369,262,Remendo
GH040167,34.0,197.331494722369,262,Remendo
GH040167,34.0,197.331494722369,262,Remendo
GH040167,34.0,197.331494722369,262,Remendo
GH040167,34.0,197.331494722369,262,Remendo
GH040167,34.0,197.331494722369,262,Remendo
GH040167,34.0,197.331494722369,262,Remendo
GH040167,34.0,199.252013210151,262,Remendo
GH040167,34.0,199.252013210151,262,Remendo
GH040167,34.0,199.252013210151,262,Remendo
GH040167,34.0,199.252013210151,262,Remendo
GH040167,34.0,199.252013210151,262,Remendo
GH040167,34.0,199.252013210151,262,Remendo
GH040167,34.0,199.252013210151,262,Remendo
GH040167,34.0,199.252013210151,262,Remendo
GH040167,34.0,199.252013210151,262,Remendo
GH040167,34.0,199.252013210151,262,Remendo
GH040167,34.0,199.252013210151,262,Remendo
GH040167,34.0,199.252013210151,262,Remendo
GH040167,34.0,199.252013210151,262,Remendo
GH040167,34.0,199.252013210151,262,Remendo
GH040167,34.0,199.252013210151,262,Remendo
GH040167,34.0,199.252013210151,262,Remendo
GH040167,34.0,199.252013210151,262,Remendo
GH040167,34.0,199.252013210151,262,Buraco
GH040167,34.0,199.252013210151,262,Buraco
GH040167,34.0,199.252013210151,262,Buraco
GH040167,34.0,199.252013210151,262,Buraco
GH040167,34.0,199.252013210151,262,Buraco
GH040167,34.0,199.252013210151,262,Buraco
GH040167,34.0,199.252013210151,262,Buraco
GH040167,34.0,199.252013210151,262,Buraco
GH040167,34.0,199.252013210151,262,Buraco
GH040167,34.0,199.252013210151,262,Buraco
GH040167,34.0,199.252013210151,262,Buraco
GH040167,34.0,199.252013210151,262,Buraco
GH040167,34.0,199.252013210151,262,Buraco
GH040167,34.0,199.252013210151,262,Buraco
GH040167,34.0,199.252013210151,262,Buraco
GH040167,34.0,199.252013210151,262,Buraco
GH040167,34.0,199.252013210151,262,Buraco
GH040167,34.0,200.050349967562,262,Drenagem
GH040167,34.0,200.050349967562,262,Drenagem
GH040167,34.0,200.050349967562,262,Drenagem
GH040167,34.0,200.050349967562,262,Drenagem
GH040167,34.0,200.050349967562,262,Drenagem
GH040167,34.0,200.050349967562,262,Drenagem
GH040167,34.0,200.050349967562,262,Drenagem
GH040167,34.0,200.050349967562,262,Drenagem
GH040167,34.0,200.050349967562,262,Drenagem
GH040167,34.0,200.050349967562,262,Drenagem
GH040167,34.0,200.050349967562,262,Drenagem
GH040167,34.0,200.050349967562,262,Drenagem
GH040167,34.0,200.050349967562,262,Drenagem
GH040167,34.0,200.050349967562,262,Drenagem
GH040167,34.0,200.050349967562,262,Drenagem
GH040167,34.0,200.050349967562,262,Drenagem
GH040167,34.0,200.050349967562,262,Drenagem
GH040167,34.0,200.760193693144,262,Remendo
GH040167,34.0,200.760193693144,262,Remendo
GH040167,34.0,200.760193693144,262,Remendo
GH040167,34.0,200.760193693144,262,Remendo
GH040167,34.0,200.760193693144,262,Remendo
GH040167,34.0,200.760193693144,262,Remendo
GH040167,34.0,200.760193693144,262,Remendo
GH040167,34.0,200.760193693144,262,Remendo
GH040167,34.0,200.760193693144,262,Remendo
GH040167,34.0,200.760193693144,262,Remendo
GH040167,34.0,200.760193693144,262,Remendo
GH040167,34.0,200.760193693144,262,Remendo
GH040167,34.0,200.760193693144,262,Remendo
GH040167,34.0,200.760193693144,262,Remendo
GH040167,34.0,200.760193693144,262,Remendo
GH040167,34.0,200.760193693144,262,Remendo
GH040167,34.0,200.760193693144,262,Remendo
GH040167,34.0,202.317414641643,262,Trinca
GH040167,34.0,202.317414641643,262,Trinca
GH040167,34.0,202.317414641643,262,Trinca
GH040167,34.0,202.317414641643,262,Trinca
GH040167,34.0,202.317414641643,262,Trinca
GH040167,34.0,202.317414641643,262,Trinca
GH040167,34.0,202.317414641643,262,Trinca
GH040167,34.0,202.317414641643,262,Trinca
GH040167,34.0,202.317414641643,262,Trinca
GH040167,34.0,202.317414641643,262,Trinca
GH040167,34.0,202.317414641643,262,Trinca
GH040167,34.0,202.317414641643,262,Trinca
GH040167,34.0,202.317414641643,262,Trinca
GH040167,34.0,202.317414641643,262,Trinca
GH040167,34.0,202.317414641643,262,Trinca
GH040167,34.0,202.317414641643,262,Trinca
GH040167,34.0,202.317414641643,262,Trinca
GH040167,34.0,203.103273721226,262,Buraco
GH040167,34.0,203.103273721226,262,Buraco
GH040167,34.0,203.103273721226,262,Buraco
GH040167,34.0,203.103273721226,262,Buraco
GH040167,34.0,203.103273721226,262,Buraco
GH040167,34.0,203.103273721226,262,Buraco
GH040167,34.0,203.103273721226,262,Buraco
GH040167,34.0,203.103273721226,262,Buraco
GH040167,34.0,203.103273721226,262,Buraco
GH040167,34.0,203.103273721226,262,Buraco
GH040167,34.0,203.103273721226,262,Buraco
GH040167,34.0,203.103273721226,262,Buraco
GH040167,34.0,203.103273721226,262,Buraco
GH040167,34.0,203.103273721226,262,Buraco
GH040167,34.0,203.103273721226,262,Buraco
GH040167,34.0,203.103273721226,262,Buraco
GH040167,34.0,203.103273721226,262,Buraco
GH040167,34.0,207.235742077378,262,Remendo
GH040167,34.0,207.235742077378,262,Remendo
GH040167,34.0,207.235742077378,262,Remendo
GH040167,34.0,207.235742077378,262,Remendo
GH040167,34.0,207.235742077378,262,Remendo
GH040167,34.0,207.235742077378,262,Remendo
GH040167,34.0,207.235742077378,262,Remendo
GH040167,34.0,207.235742077378,262,Remendo
GH040167,34.0,207.235742077378,262,Remendo
GH040167,34.0,207.235742077378,262,Remendo
GH040167,34.0,207.235742077378,262,Remendo
GH040167,34.0,207.235742077378,262,Remendo
GH040167,34.0,207.235742077378,262,Remendo
GH040167,34.0,207.235742077378,262,Remendo
GH040167,34.0,207.235742077378,262,Remendo
GH040167,34.0,207.235742077378,262,Remendo
GH040167,34.0,207.235742077378,262,Remendo
GH040167,34.0,207.974848105948,262,Buraco
GH040167,34.0,207.974848105948,262,Buraco
GH040167,34.0,207.974848105948,262,Buraco
GH040167,34.0,207.974848105948,262,Buraco
GH040167,34.0,207.974848105948,262,Buraco
GH040167,34.0,207.974848105948,262,Buraco
GH040167,34.0,207.974848105948,262,Buraco
GH040167,34.0,207.974848105948,262,Buraco
GH040167,34.0,207.974848105948,262,Buraco
GH040167,34.0,207.974848105948,262,Buraco
GH040167,34.0,207.974848105948,262,Buraco
GH040167,34.0,207.974848105948,262,Buraco
GH040167,34.0,207.974848105948,262,Buraco
GH040167,34.0,207.974848105948,262,Buraco
GH040167,34.0,207.974848105948,262,Buraco
GH040167,34.0,207.974848105948,262,Buraco
GH040167,34.0,207.974848105948,262,Buraco
GH040167,34.0,208.636122774393,262,Placa
GH040167,34.0,208.636122774393,262,Placa
GH040167,34.0,208.636122774393,262,Placa
GH040167,34.0,208.636122774393,262,Placa
GH040167,34.0,208.636122774393,262,Placa
GH040167,34.0,208.636122774393,262,Placa
GH040167,34.0,208.636122774393,262,Placa
GH040167,34.0,208.636122774393,262,Placa
GH040167,34.0,208.636122774393,262,Placa
GH040167,34.0,208.636122774393,262,Placa
GH040167,34.0,208.636122774393,262,Placa
GH040167,34.0,208.636122774393,262,Placa
GH040167,34.0,208.636122774393,262,Placa
GH040167,34.0,208.636122774393,262,Placa
GH040167,34.0,208.636122774393,262,Placa
GH040167,34.0,208.636122774393,262,Placa
GH040167,34.0,208.636122774393,262,Placa
GH040167,34.0,209.444418205346,262,Remendo
GH040167,34.0,209.444418205346,262,Remendo
GH040167,34.0,209.444418205346,262,Remendo
GH040167,34.0,209.444418205346,262,Remendo
GH040167,34.0,209.444418205346,262,Remendo
GH040167,34.0,209.444418205346,262,Remendo
GH040167,34.0,209.444418205346,262,Remendo
GH040167,34.0,209.444418205346,262,Remendo
GH040167,34.0,209.444418205346,262,Remendo
GH040167,34.0,209.444418205346,262,Remendo
GH040167,34.0,209.444418205346,262,Remendo
GH040167,34.0,209.444418205346,262,Remendo
GH040167,34.0,209.444418205346,262,Remendo
GH040167,34.0,209.444418205346,262,Remendo
GH040167,34.0,209.444418205346,262,Remendo
GH040167,34.0,209.444418205346,262,Remendo
GH040167,34.0,209.444418205346,262,Remendo
GH040167,34.0,209.444418205346,262,Buraco
GH040167,34.0,209.444418205346,262,Buraco
GH040167,34.0,209.444418205346,262,Buraco
GH040167,34.0,209.444418205346,262,Buraco
GH040167,34.0,209.444418205346,262,Buraco
GH040167,34.0,209.444418205346,262,Buraco
GH040167,34.0,209.444418205346,262,Buraco
GH040167,34.0,209.444418205346,262,Buraco
GH040167,34.0,209.444418205346,262,Buraco
GH040167,34.0,209.444418205346,262,Buraco
GH040167,34.0,209.444418205346,262,Buraco
GH040167,34.0,209.444418205346,262,Buraco
GH040167,34.0,209.444418205346,262,Buraco
GH040167,34.0,209.444418205346,262,Buraco
GH040167,34.0,209.444418205346,262,Buraco
GH040167,34.0,209.444418205346,262,Buraco
GH040167,34.0,209.444418205346,262,Buraco
GH040167,34.0,211.58068266593,262,Remendo
GH040167,34.0,211.58068266593,262,Remendo
GH040167,34.0,211.58068266593,262,Remendo
GH040167,34.0,211.58068266593,262,Remendo
GH040167,34.0,211.58068266593,262,Remendo
GH040167,34.0,211.58068266593,262,Remendo
GH040167,34.0,211.58068266593,262,Remendo
GH040167,34.0,211.58068266593,262,Remendo
GH040167,34.0,211.58068266593,262,Remendo
GH040167,34.0,211.58068266593,262,Remendo
GH040167,34.0,211.58068266593,262,Remendo
GH040167,34.0,211.58068266593,262,Remendo
GH040167,34.0,211.58068266593,262,Remendo
GH040167,34.0,211.58068266593,262,Remendo
GH040167,34.0,211.58068266593,262,Remendo
GH040167,34.0,211.58068266593,262,Remendo
GH040167,34.0,211.58068266593,262,Remendo
GH040167,34.0,216.013522870242,262,Remendo
GH040167,34.0,216.013522870242,262,Remendo
GH040167,34.0,216.013522870242,262,Remendo
GH040167,34.0,216.013522870242,262,Remendo
GH040167,34.0,216.013522870242,262,Remendo
GH040167,34.0,216.013522870242,262,Remendo
GH040167,34.0,216.013522870242,262,Remendo
GH040167,34.0,216.013522870242,262,Remendo
GH040167,34.0,216.013522870242,262,Remendo
GH040167,34.0,216.013522870242,262,Remendo
GH040167,34.0,216.013522870242,262,Remendo
GH040167,34.0,216.013522870242,262,Remendo
GH040167,34.0,216.013522870242,262,Remendo
GH040167,34.0,216.013522870242,262,Remendo
GH040167,34.0,216.013522870242,262,Remendo
GH040167,34.0,216.013522870242,262,Remendo
GH040167,34.0,216.013522870242,262,Remendo
GH040167,34.0,218.772197844731,262,Placa
GH040167,34.0,218.772197844731,262,Placa
GH040167,34.0,218.772197844731,262,Placa
GH040167,34.0,218.772197844731,262,Placa
GH040167,34.0,218.772197844731,262,Placa
GH040167,34.0,218.772197844731,262,Placa
GH040167,34.0,218.772197844731,262,Placa
GH040167,34.0,218.772197844731,262,Placa
GH040167,34.0,218.772197844731,262,Placa
GH040167,34.0,218.772197844731,262,Placa
GH040167,34.0,218.772197844731,262,Placa
GH040167,34.0,218.772197844731,262,Placa
GH040167,34.0,218.772197844731,262,Placa
GH040167,34.0,218.772197844731,262,Placa
GH040167,34.0,218.772197844731,262,Placa
GH040167,34.0,218.772197844731,262,Placa
GH040167,34.0,218.772197844731,262,Placa
GH040167,34.0,218.772197844731,262,Buraco
GH040167,34.0,218.772197844731,262,Buraco
GH040167,34.0,218.772197844731,262,Buraco
GH040167,34.0,218.772197844731,262,Buraco
GH040167,34.0,218.772197844731,262,Buraco
GH040167,34.0,218.772197844731,262,Buraco
GH040167,34.0,218.772197844731,262,Buraco
GH040167,34.0,218.772197844731,262,Buraco
GH040167,34.0,218.772197844731,262,Buraco
GH040167,34.0,218.772197844731,262,Buraco
GH040167,34.0,218.772197844731,262,Buraco
GH040167,34.0,218.772197844731,262,Buraco
GH040167,34.0,218.772197844731,262,Buraco
GH040167,34.0,218.772197844731,262,Buraco
GH040167,34.0,218.772197844731,262,Buraco
GH040167,34.0,218.772197844731,262,Buraco
GH040167,34.0,218.772197844731,262,Buraco
GH040167,34.0,222.598668547904,262,Trinca
GH040167,34.0,222.598668547904,262,Trinca
GH040167,34.0,222.598668547904,262,Trinca
GH040167,34.0,222.598668547904,262,Trinca
GH040167,34.0,222.598668547904,262,Trinca
GH040167,34.0,222.598668547904,262,Trinca
GH040167,34.0,222.598668547904,262,Trinca
GH040167,34.0,222.598668547904,262,Trinca
GH040167,34.0,222.598668547904,262,Trinca
GH040167,34.0,222.598668547904,262,Trinca
GH040167,34.0,222.598668547904,262,Trinca
GH040167,34.0,222.598668547904,262,Trinca
GH040167,34.0,222.598668547904,262,Trinca
GH040167,34.0,222.598668547904,262,Trinca
GH040167,34.0,222.598668547904,262,Trinca
GH040167,34.0,222.598668547904,262,Trinca
GH040167,34.0,222.598668547904,262,Trinca
GH040167,34.0,236.062291705092,262,Remendo
GH040167,34.0,236.062291705092,262,Remendo
GH040167,34.0,236.062291705092,262,Remendo
GH040167,34.0,236.062291705092,262,Remendo
GH040167,34.0,236.062291705092,262,Remendo
GH040167,34.0,236.062291705092,262,Remendo
GH040167,34.0,236.062291705092,262,Remendo
GH040167,34.0,236.062291705092,262,Remendo
GH040167,34.0,236.062291705092,262,Remendo
GH040167,34.0,236.062291705092,262,Remendo
GH040167,34.0,236.062291705092,262,Remendo
GH040167,34.0,236.062291705092,262,Remendo
GH040167,34.0,236.062291705092,262,Remendo
GH040167,34.0,236.062291705092,262,Remendo
GH040167,34.0,236.062291705092,262,Remendo
GH040167,34.0,236.062291705092,262,Remendo
GH040167,34.0,236.062291705092,262,Remendo
GH040167,34.0,237.569465060765,262,Remendo
GH040167,34.0,237.569465060765,262,Remendo
GH040167,34.0,237.569465060765,262,Remendo
GH040167,34.0,237.569465060765,262,Remendo
GH040167,34.0,237.569465060765,262,Remendo
GH040167,34.0,237.569465060765,262,Remendo
GH040167,34.0,237.569465060765,262,Remendo
GH040167,34.0,237.569465060765,262,Remendo
GH040167,34.0,237.569465060765,262,Remendo
GH040167,34.0,237.569465060765,262,Remendo
GH040167,34.0,237.569465060765,262,Remendo
GH040167,34.0,237.569465060765,262,Remendo
GH040167,34.0,237.569465060765,262,Remendo
GH040167,34.0,237.569465060765,262,Remendo
GH040167,34.0,237.569465060765,262,Remendo
GH040167,34.0,237.569465060765,262,Remendo
GH040167,34.0,237.569465060765,262,Remendo
GH040167,34.0,239.431562907784,262,Remendo
GH040167,34.0,239.431562907784,262,Remendo
GH040167,34.0,239.431562907784,262,Remendo
GH040167,34.0,239.431562907784,262,Remendo
GH040167,34.0,239.431562907784,262,Remendo
GH040167,34.0,239.431562907784,262,Remendo
GH040167,34.0,239.431562907784,262,Remendo
GH040167,34.0,239.431562907784,262,Remendo
GH040167,34.0,239.431562907784,262,Remendo
GH040167,34.0,239.431562907784,262,Remendo
GH040167,34.0,239.431562907784,262,Remendo
GH040167,34.0,239.431562907784,262,Remendo
GH040167,34.0,239.431562907784,262,Remendo
GH040167,34.0,239.431562907784,262,Remendo
GH040167,34.0,239.431562907784,262,Remendo
GH040167,34.0,239.431562907784,262,Remendo
GH040167,34.0,239.431562907784,262,Remendo
GH040167,34.0,240.183405344595,262,Buraco
GH040167,34.0,240.183405344595,262,Buraco
GH040167,34.0,240.183405344595,262,Buraco
GH040167,34.0,240.183405344595,262,Buraco
GH040167,34.0,240.183405344595,262,Buraco
GH040167,34.0,240.183405344595,262,Buraco
GH040167,34.0,240.183405344595,262,Buraco
GH040167,34.0,240.183405344595,262,Buraco
GH040167,34.0,240.183405344595,262,Buraco
GH040167,34.0,240.183405344595,262,Buraco
GH040167,34.0,240.183405344595,262,Buraco
GH040167,34.0,240.183405344595,262,Buraco
GH040167,34.0,240.183405344595,262,Buraco
GH040167,34.0,240.183405344595,262,Buraco
GH040167,34.0,240.183405344595,262,Buraco
GH040167,34.0,240.183405344595,262,Buraco
GH040167,34.0,240.183405344595,262,Buraco
GH040167,34.0,240.976210349877,262,Remendo
GH040167,34.0,240.976210349877,262,Remendo
GH040167,34.0,240.976210349877,262,Remendo
GH040167,34.0,240.976210349877,262,Remendo
GH040167,34.0,240.976210349877,262,Remendo
GH040167,34.0,240.976210349877,262,Remendo
GH040167,34.0,240.976210349877,262,Remendo
GH040167,34.0,240.976210349877,262,Remendo
GH040167,34.0,240.976210349877,262,Remendo
GH040167,34.0,240.976210349877,262,Remendo
GH040167,34.0,240.976210349877,262,Remendo
GH040167,34.0,240.976210349877,262,Remendo
GH040167,34.0,240.976210349877,262,Remendo
GH040167,34.0,240.976210349877,262,Remendo
GH040167,34.0,240.976210349877,262,Remendo
GH040167,34.0,240.976210349877,262,Remendo
GH040167,34.0,240.976210349877,262,Remendo
GH040167,34.0,240.976210349877,262,Buraco
GH040167,34.0,240.976210349877,262,Buraco
GH040167,34.0,240.976210349877,262,Buraco
GH040167,34.0,240.976210349877,262,Buraco
GH040167,34.0,240.976210349877,262,Buraco
GH040167,34.0,240.976210349877,262,Buraco
GH040167,34.0,240.976210349877,262,Buraco
GH040167,34.0,240.976210349877,262,Buraco
GH040167,34.0,240.976210349877,262,Buraco
GH040167,34.0,240.976210349877,262,Buraco
GH040167,34.0,240.976210349877,262,Buraco
GH040167,34.0,240.976210349877,262,Buraco
GH040167,34.0,240.976210349877,262,Buraco
GH040167,34.0,240.976210349877,262,Buraco
GH040167,34.0,240.976210349877,262,Buraco
GH040167,34.0,240.976210349877,262,Buraco
GH040167,34.0,240.976210349877,262,Buraco
GH040167,34.0,240.976210349877,262,Buraco
GH040167,34.0,240.976210349877,262,Buraco
GH040167,34.0,240.976210349877,262,Buraco
GH040167,34.0,240.976210349877,262,Buraco
GH040167,34.0,240.976210349877,262,Buraco
GH040167,34.0,240.976210349877,262,Buraco
GH040167,34.0,240.976210349877,262,Buraco
GH040167,34.0,240.976210349877,262,Buraco
GH040167,34.0,240.976210349877,262,Buraco
GH040167,34.0,240.976210349877,262,Buraco
GH040167,34.0,240.976210349877,262,Buraco
GH040167,34.0,240.976210349877,262,Buraco
GH040167,34.0,240.976210349877,262,Buraco
GH040167,34.0,240.976210349877,262,Buraco
GH040167,34.0,240.976210349877,262,Buraco
GH040167,34.0,240.976210349877,262,Buraco
GH040167,34.0,240.976210349877,262,Buraco
GH040167,34.0,242.660315248283,262,Trinca
GH040167,34.0,242.660315248283,262,Trinca
GH040167,34.0,242.660315248283,262,Trinca
GH040167,34.0,242.660315248283,262,Trinca
GH040167,34.0,242.660315248283,262,Trinca
GH040167,34.0,242.660315248283,262,Trinca
GH040167,34.0,242.660315248283,262,Trinca
GH040167,34.0,242.660315248283,262,Trinca
GH040167,34.0,242.660315248283,262,Trinca
GH040167,34.0,242.660315248283,262,Trinca
GH040167,34.0,242.660315248283,262,Trinca
GH040167,34.0,242.660315248283,262,Trinca
GH040167,34.0,242.660315248283,262,Trinca
GH040167,34.0,242.660315248283,262,Trinca
GH040167,34.0,242.660315248283,262,Trinca
GH040167,34.0,242.660315248283,262,Trinca
GH040167,34.0,242.660315248283,262,Trinca
GH040167,34.0,248.838580246718,262,Placa
GH040167,34.0,248.838580246718,262,Placa
GH040167,34.0,248.838580246718,262,Placa
GH040167,34.0,248.838580246718,262,Placa
GH040167,34.0,248.838580246718,262,Placa
GH040167,34.0,248.838580246718,262,Placa
GH040167,34.0,248.838580246718,262,Placa
GH040167,34.0,248.838580246718,262,Placa
GH040167,34.0,248.838580246718,262,Placa
GH040167,34.0,248.838580246718,262,Placa
GH040167,34.0,248.838580246718,262,Placa
GH040167,34.0,248.838580246718,262,Placa
GH040167,34.0,248.838580246718,262,Placa
GH040167,34.0,248.838580246718,262,Placa
GH040167,34.0,248.838580246718,262,Placa
GH040167,34.0,248.838580246718,262,Placa
GH040167,34.0,248.838580246718,262,Placa
GH040167,34.0,254.25099325672,262,Remendo
GH040167,34.0,254.25099325672,262,Remendo
GH040167,34.0,254.25099325672,262,Remendo
GH040167,34.0,254.25099325672,262,Remendo
GH040167,34.0,254.25099325672,262,Remendo
GH040167,34.0,254.25099325672,262,Remendo
GH040167,34.0,254.25099325672,262,Remendo
GH040167,34.0,254.25099325672,262,Remendo
GH040167,34.0,254.25099325672,262,Remendo
GH040167,34.0,254.25099325672,262,Remendo
GH040167,34.0,254.25099325672,262,Remendo
GH040167,34.0,254.25099325672,262,Remendo
GH040167,34.0,254.25099325672,262,Remendo
GH040167,34.0,254.25099325672,262,Remendo
GH040167,34.0,254.25099325672,262,Remendo
GH040167,34.0,254.25099325672,262,Remendo
GH040167,34.0,254.25099325672,262,Remendo
GH040167,34.0,254.940364693824,262,Drenagem
GH040167,34.0,254.940364693824,262,Drenagem
GH040167,34.0,254.940364693824,262,Drenagem
GH040167,34.0,254.940364693824,262,Drenagem
GH040167,34.0,254.940364693824,262,Drenagem
GH040167,34.0,254.940364693824,262,Drenagem
GH040167,34.0,254.940364693824,262,Drenagem
GH040167,34.0,254.940364693824,262,Drenagem
GH040167,34.0,254.940364693824,262,Drenagem
GH040167,34.0,254.940364693824,262,Drenagem
GH040167,34.0,254.940364693824,262,Drenagem
GH040167,34.0,254.940364693824,262,Drenagem
GH040167,34.0,254.940364693824,262,Drenagem
GH040167,34.0,254.940364693824,262,Drenagem
GH040167,34.0,254.940364693824,262,Drenagem
GH040167,34.0,254.940364693824,262,Drenagem
GH040167,34.0,254.940364693824,262,Drenagem
GH040167,34.0,260.425379055572,262,Remendo
GH040167,34.0,260.425379055572,262,Remendo
GH040167,34.0,260.425379055572,262,Remendo
GH040167,34.0,260.425379055572,262,Remendo
GH040167,34.0,260.425379055572,262,Remendo
GH040167,34.0,260.425379055572,262,Remendo
GH040167,34.0,260.425379055572,262,Remendo
GH040167,34.0,260.425379055572,262,Remendo
GH040167,34.0,260.425379055572,262,Remendo
GH040167,34.0,260.425379055572,262,Remendo
GH040167,34.0,260.425379055572,262,Remendo
GH040167,34.0,260.425379055572,262,Remendo
GH040167,34.0,260.425379055572,262,Remendo
GH040167,34.0,260.425379055572,262,Remendo
GH040167,34.0,260.425379055572,262,Remendo
GH040167,34.0,260.425379055572,262,Remendo
GH040167,34.0,260.425379055572,262,Remendo
GH040167,34.0,262.520930881294,262,Remendo
GH040167,34.0,262.520930881294,262,Remendo
GH040167,34.0,262.520930881294,262,Remendo
GH040167,34.0,262.520930881294,262,Remendo
GH040167,34.0,262.520930881294,262,Remendo
GH040167,34.0,262.520930881294,262,Remendo
GH040167,34.0,262.520930881294,262,Remendo
GH040167,34.0,262.520930881294,262,Remendo
GH040167,34.0,262.520930881294,262,Remendo
GH040167,34.0,262.520930881294,262,Remendo
GH040167,34.0,262.520930881294,262,Remendo
GH040167,34.0,262.520930881294,262,Remendo
GH040167,34.0,262.520930881294,262,Remendo
GH040167,34.0,262.520930881294,262,Remendo
GH040167,34.0,262.520930881294,262,Remendo
GH040167,34.0,262.520930881294,262,Remendo
GH040167,34.0,262.520930881294,262,Remendo
GH040167,34.0,262.520930881294,262,Remendo
GH040167,34.0,262.520930881294,262,Remendo
GH040167,34.0,262.520930881294,262,Remendo
GH040167,34.0,262.520930881294,262,Remendo
GH040167,34.0,262.520930881294,262,Remendo
GH040167,34.0,262.520930881294,262,Remendo
GH040167,34.0,262.520930881294,262,Remendo
GH040167,34.0,262.520930881294,262,Remendo
GH040167,34.0,262.520930881294,262,Remendo
GH040167,34.0,262.520930881294,262,Remendo
GH040167,34.0,262.520930881294,262,Remendo
GH040167,34.0,262.520930881294,262,Remendo
GH040167,34.0,262.520930881294,262,Remendo
GH040167,34.0,262.520930881294,262,Remendo
GH040167,34.0,262.520930881294,262,Remendo
GH040167,34.0,262.520930881294,262,Remendo
GH040167,34.0,262.520930881294,262,Remendo
GH040167,34.0,262.810044416448,262,Trinca
GH040167,34.0,262.810044416448,262,Trinca
GH040167,34.0,262.810044416448,262,Trinca
GH040167,34.0,262.810044416448,262,Trinca
GH040167,34.0,262.810044416448,262,Trinca
GH040167,34.0,262.810044416448,262,Trinca
GH040167,34.0,262.810044416448,262,Trinca
GH040167,34.0,262.810044416448,262,Trinca
GH040167,34.0,262.810044416448,262,Trinca
GH040167,34.0,262.810044416448,262,Trinca
GH040167,34.0,262.810044416448,262,Trinca
GH040167,34.0,262.810044416448,262,Trinca
GH040167,34.0,262.810044416448,262,Trinca
GH040167,34.0,262.810044416448,262,Trinca
GH040167,34.0,262.810044416448,262,Trinca
GH040167,34.0,262.810044416448,262,Trinca
GH040167,34.0,262.810044416448,262,Trinca
GH040167,34.0,265.371724325323,262,Buraco
GH040167,34.0,265.371724325323,262,Buraco
GH040167,34.0,265.371724325323,262,Buraco
GH040167,34.0,265.371724325323,262,Buraco
GH040167,34.0,265.371724325323,262,Buraco
GH040167,34.0,265.371724325323,262,Buraco
GH040167,34.0,265.371724325323,262,Buraco
GH040167,34.0,265.371724325323,262,Buraco
GH040167,34.0,265.371724325323,262,Buraco
GH040167,34.0,265.371724325323,262,Buraco
GH040167,34.0,265.371724325323,262,Buraco
GH040167,34.0,265.371724325323,262,Buraco
GH040167,34.0,265.371724325323,262,Buraco
GH040167,34.0,265.371724325323,262,Buraco
GH040167,34.0,265.371724325323,262,Buraco
GH040167,34.0,265.371724325323,262,Buraco
GH040167,34.0,265.371724325323,262,Buraco
GH040167,34.0,266.019612667507,262,Remendo
GH040167,34.0,266.019612667507,262,Remendo
GH040167,34.0,266.019612667507,262,Remendo
GH040167,34.0,266.019612667507,262,Remendo
GH040167,34.0,266.019612667507,262,Remendo
GH040167,34.0,266.019612667507,262,Remendo
GH040167,34.0,266.019612667507,262,Remendo
GH040167,34.0,266.019612667507,262,Remendo
GH040167,34.0,266.019612667507,262,Remendo
GH040167,34.0,266.019612667507,262,Remendo
GH040167,34.0,266.019612667507,262,Remendo
GH040167,34.0,266.019612667507,262,Remendo
GH040167,34.0,266.019612667507,262,Remendo
GH040167,34.0,266.019612667507,262,Remendo
GH040167,34.0,266.019612667507,262,Remendo
GH040167,34.0,266.019612667507,262,Remendo
GH040167,34.0,266.019612667507,262,Remendo
GH040167,34.0,266.019612667507,262,Remendo
GH040167,34.0,266.019612667507,262,Remendo
GH040167,34.0,266.019612667507,262,Remendo
GH040167,34.0,266.019612667507,262,Remendo
GH040167,34.0,266.019612667507,262,Remendo
GH040167,34.0,266.019612667507,262,Remendo
GH040167,34.0,266.019612667507,262,Remendo
GH040167,34.0,266.019612667507,262,Remendo
GH040167,34.0,266.019612667507,262,Remendo
GH040167,34.0,266.019612667507,262,Remendo
GH040167,34.0,266.019612667507,262,Remendo
GH040167,34.0,266.019612667507,262,Remendo
GH040167,34.0,266.019612667507,262,Remendo
GH040167,34.0,266.019612667507,262,Remendo
GH040167,34.0,266.019612667507,262,Remendo
GH040167,34.0,266.019612667507,262,Remendo
GH040167,34.0,266.019612667507,262,Remendo
GH040167,34.0,280.202738670221,262,Drenagem
GH040167,34.0,280.202738670221,262,Drenagem
GH040167,34.0,280.202738670221,262,Drenagem
GH040167,34.0,280.202738670221,262,Drenagem
GH040167,34.0,280.202738670221,262,Drenagem
GH040167,34.0,280.202738670221,262,Drenagem
GH040167,34.0,280.202738670221,262,Drenagem
GH040167,34.0,280.202738670221,262,Drenagem
GH040167,34.0,280.202738670221,262,Drenagem
GH040167,34.0,280.202738670221,262,Drenagem
GH040167,34.0,280.202738670221,262,Drenagem
GH040167,34.0,280.202738670221,262,Drenagem
GH040167,34.0,280.202738670221,262,Drenagem
GH040167,34.0,280.202738670221,262,Drenagem
GH040167,34.0,280.202738670221,262,Drenagem
GH040167,34.0,280.202738670221,262,Drenagem
GH040167,34.0,280.202738670221,262,Drenagem
GH040167,34.0,282.071699698888,262,Remendo
GH040167,34.0,282.071699698888,262,Remendo
GH040167,34.0,282.071699698888,262,Remendo
GH040167,34.0,282.071699698888,262,Remendo
GH040167,34.0,282.071699698888,262,Remendo
GH040167,34.0,282.071699698888,262,Remendo
GH040167,34.0,282.071699698888,262,Remendo
GH040167,34.0,282.071699698888,262,Remendo
GH040167,34.0,282.071699698888,262,Remendo
GH040167,34.0,282.071699698888,262,Remendo
GH040167,34.0,282.071699698888,262,Remendo
GH040167,34.0,282.071699698888,262,Remendo
GH040167,34.0,282.071699698888,262,Remendo
GH040167,34.0,282.071699698888,262,Remendo
GH040167,34.0,282.071699698888,262,Remendo
GH040167,34.0,282.071699698888,262,Remendo
GH040167,34.0,282.071699698888,262,Remendo
GH040167,34.0,282.875669896278,262,Trinca
GH040167,34.0,282.875669896278,262,Trinca
GH040167,34.0,282.875669896278,262,Trinca
GH040167,34.0,282.875669896278,262,Trinca
GH040167,34.0,282.875669896278,262,Trinca
GH040167,34.0,282.875669896278,262,Trinca
GH040167,34.0,282.875669896278,262,Trinca
GH040167,34.0,282.875669896278,262,Trinca
GH040167,34.0,282.875669896278,262,Trinca
GH040167,34.0,282.875669896278,262,Trinca
GH040167,34.0,282.875669896278,262,Trinca
GH040167,34.0,282.875669896278,262,Trinca
GH040167,34.0,282.875669896278,262,Trinca
GH040167,34.0,282.875669896278,262,Trinca
GH040167,34.0,282.875669896278,262,Trinca
GH040167,34.0,282.875669896278,262,Trinca
GH040167,34.0,282.875669896278,262,Trinca
GH040167,34.0,283.692456898835,262,Remendo
GH040167,34.0,283.692456898835,262,Remendo
GH040167,34.0,283.692456898835,262,Remendo
GH040167,34.0,283.692456898835,262,Remendo
GH040167,34.0,283.692456898835,262,Remendo
GH040167,34.0,283.692456898835,262,Remendo
GH040167,34.0,283.692456898835,262,Remendo
GH040167,34.0,283.692456898835,262,Remendo
GH040167,34.0,283.692456898835,262,Remendo
GH040167,34.0,283.692456898835,262,Remendo
GH040167,34.0,283.692456898835,262,Remendo
GH040167,34.0,283.692456898835,262,Remendo
GH040167,34.0,283.692456898835,262,Remendo
GH040167,34.0,283.692456898835,262,Remendo
GH040167,34.0,283.692456898835,262,Remendo
GH040167,34.0,283.692456898835,262,Remendo
GH040167,34.0,283.692456898835,262,Remendo
GH040167,34.0,288.173333416977,262,Buraco
GH040167,34.0,288.173333416977,262,Buraco
GH040167,34.0,288.173333416977,262,Buraco
GH040167,34.0,288.173333416977,262,Buraco
GH040167,34.0,288.173333416977,262,Buraco
GH040167,34.0,288.173333416977,262,Buraco
GH040167,34.0,288.173333416977,262,Buraco
GH040167,34.0,288.173333416977,262,Buraco
GH040167,34.0,288.173333416977,262,Buraco
GH040167,34.0,288.173333416977,262,Buraco
GH040167,34.0,288.173333416977,262,Buraco
GH040167,34.0,288.173333416977,262,Buraco
GH040167,34.0,288.173333416977,262,Buraco
GH040167,34.0,288.173333416977,262,Buraco
GH040167,34.0,288.173333416977,262,Buraco
GH040167,34.0,288.173333416977,262,Buraco
GH040167,34.0,288.173333416977,262,Buraco
GH040167,34.0,289.315628038804,262,Remendo
GH040167,34.0,289.315628038804,262,Remendo
GH040167,34.0,289.315628038804,262,Remendo
GH040167,34.0,289.315628038804,262,Remendo
GH040167,34.0,289.315628038804,262,Remendo
GH040167,34.0,289.315628038804,262,Remendo
GH040167,34.0,289.315628038804,262,Remendo
GH040167,34.0,289.315628038804,262,Remendo
GH040167,34.0,289.315628038804,262,Remendo
GH040167,34.0,289.315628038804,262,Remendo
GH040167,34.0,289.315628038804,262,Remendo
GH040167,34.0,289.315628038804,262,Remendo
GH040167,34.0,289.315628038804,262,Remendo
GH040167,34.0,289.315628038804,262,Remendo
GH040167,34.0,289.315628038804,262,Remendo
GH040167,34.0,289.315628038804,262,Remendo
GH040167,34.0,289.315628038804,262,Remendo
GH040167,34.0,290.773611709269,262,Remendo
GH040167,34.0,290.773611709269,262,Remendo
GH040167,34.0,290.773611709269,262,Remendo
GH040167,34.0,290.773611709269,262,Remendo
GH040167,34.0,290.773611709269,262,Remendo
GH040167,34.0,290.773611709269,262,Remendo
GH040167,34.0,290.773611709269,262,Remendo
GH040167,34.0,290.773611709269,262,Remendo
GH040167,34.0,290.773611709269,262,Remendo
GH040167,34.0,290.773611709269,262,Remendo
GH040167,34.0,290.773611709269,262,Remendo
GH040167,34.0,290.773611709269,262,Remendo
GH040167,34.0,290.773611709269,262,Remendo
GH040167,34.0,290.773611709269,262,Remendo
GH040167,34.0,290.773611709269,262,Remendo
GH040167,34.0,290.773611709269,262,Remendo
GH040167,34.0,290.773611709269,262,Remendo
GH040167,34.0,293.457805248257,262,Remendo
GH040167,34.0,293.457805248257,262,Remendo
GH040167,34.0,293.457805248257,262,Remendo
GH040167,34.0,293.457805248257,262,Remendo
GH040167,34.0,293.457805248257,262,Remendo
GH040167,34.0,293.457805248257,262,Remendo
GH040167,34.0,293.457805248257,262,Remendo
GH040167,34.0,293.457805248257,262,Remendo
GH040167,34.0,293.457805248257,262,Remendo
GH040167,34.0,293.457805248257,262,Remendo
GH040167,34.0,293.457805248257,262,Remendo
GH040167,34.0,293.457805248257,262,Remendo
GH040167,34.0,293.457805248257,262,Remendo
GH040167,34.0,293.457805248257,262,Remendo
GH040167,34.0,293.457805248257,262,Remendo
GH040167,34.0,293.457805248257,262,Remendo
GH040167,34.0,293.457805248257,262,Remendo
GH040167,34.0,299.554860359711,262,Placa
GH040167,34.0,299.554860359711,262,Placa
GH040167,34.0,299.554860359711,262,Placa
GH040167,34.0,299.554860359711,262,Placa
GH040167,34.0,299.554860359711,262,Placa
GH040167,34.0,299.554860359711,262,Placa
GH040167,34.0,299.554860359711,262,Placa
GH040167,34.0,299.554860359711,262,Placa
GH040167,34.0,299.554860359711,262,Placa
GH040167,34.0,299.554860359711,262,Placa
GH040167,34.0,299.554860359711,262,Placa
GH040167,34.0,299.554860359711,262,Placa
GH040167,34.0,299.554860359711,262,Placa
GH040167,34.0,299.554860359711,262,Placa
GH040167,34.0,299.554860359711,262,Placa
GH040167,34.0,299.554860359711,262,Placa
GH040167,34.0,299.554860359711,262,Placa
GH040167,34.0,301.666045220429,262,Remendo
GH040167,34.0,301.666045220429,262,Remendo
GH040167,34.0,301.666045220429,262,Remendo
GH040167,34.0,301.666045220429,262,Remendo
GH040167,34.0,301.666045220429,262,Remendo
GH040167,34.0,301.666045220429,262,Remendo
GH040167,34.0,301.666045220429,262,Remendo
GH040167,34.0,301.666045220429,262,Remendo
GH040167,34.0,301.666045220429,262,Remendo
GH040167,34.0,301.666045220429,262,Remendo
GH040167,34.0,301.666045220429,262,Remendo
GH040167,34.0,301.666045220429,262,Remendo
GH040167,34.0,301.666045220429,262,Remendo
GH040167,34.0,301.666045220429,262,Remendo
GH040167,34.0,301.666045220429,262,Remendo
GH040167,34.0,301.666045220429,262,Remendo
GH040167,34.0,301.666045220429,262,Remendo
GH040167,34.0,302.483206802491,262,Buraco
GH040167,34.0,302.483206802491,262,Buraco
GH040167,34.0,302.483206802491,262,Buraco
GH040167,34.0,302.483206802491,262,Buraco
GH040167,34.0,302.483206802491,262,Buraco
GH040167,34.0,302.483206802491,262,Buraco
GH040167,34.0,302.483206802491,262,Buraco
GH040167,34.0,302.483206802491,262,Buraco
GH040167,34.0,302.483206802491,262,Buraco
GH040167,34.0,302.483206802491,262,Buraco
GH040167,34.0,302.483206802491,262,Buraco
GH040167,34.0,302.483206802491,262,Buraco
GH040167,34.0,302.483206802491,262,Buraco
GH040167,34.0,302.483206802491,262,Buraco
GH040167,34.0,302.483206802491,262,Buraco
GH040167,34.0,302.483206802491,262,Buraco
GH040167,34.0,302.483206802491,262,Buraco
GH040167,34.0,302.884224089841,262,Trinca
GH040167,34.0,302.884224089841,262,Trinca
GH040167,34.0,302.884224089841,262,Trinca
GH040167,34.0,302.884224089841,262,Trinca
GH040167,34.0,302.884224089841,262,Trinca
GH040167,34.0,302.884224089841,262,Trinca
GH040167,34.0,302.884224089841,262,Trinca
GH040167,34.0,302.884224089841,262,Trinca
GH040167,34.0,302.884224089841,262,Trinca
GH040167,34.0,302.884224089841,262,Trinca
GH040167,34.0,302.884224089841,262,Trinca
GH040167,34.0,302.884224089841,262,Trinca
GH040167,34.0,302.884224089841,262,Trinca
GH040167,34.0,302.884224089841,262,Trinca
GH040167,34.0,302.884224089841,262,Trinca
GH040167,34.0,302.884224089841,262,Trinca
GH040167,34.0,302.884224089841,262,Trinca
GH040167,34.0,305.316035047932,262,Drenagem
GH040167,34.0,305.316035047932,262,Drenagem
GH040167,34.0,305.316035047932,262,Drenagem
GH040167,34.0,305.316035047932,262,Drenagem
GH040167,34.0,305.316035047932,262,Drenagem
GH040167,34.0,305.316035047932,262,Drenagem
GH040167,34.0,305.316035047932,262,Drenagem
GH040167,34.0,305.316035047932,262,Drenagem
GH040167,34.0,305.316035047932,262,Drenagem
GH040167,34.0,305.316035047932,262,Drenagem
GH040167,34.0,305.316035047932,262,Drenagem
GH040167,34.0,305.316035047932,262,Drenagem
GH040167,34.0,305.316035047932,262,Drenagem
GH040167,34.0,305.316035047932,262,Drenagem
GH040167,34.0,305.316035047932,262,Drenagem
GH040167,34.0,305.316035047932,262,Drenagem
GH040167,34.0,305.316035047932,262,Drenagem
GH040167,34.0,306.649664137728,262,Remendo
GH040167,34.0,306.649664137728,262,Remendo
GH040167,34.0,306.649664137728,262,Remendo
GH040167,34.0,306.649664137728,262,Remendo
GH040167,34.0,306.649664137728,262,Remendo
GH040167,34.0,306.649664137728,262,Remendo
GH040167,34.0,306.649664137728,262,Remendo
GH040167,34.0,306.649664137728,262,Remendo
GH040167,34.0,306.649664137728,262,Remendo
GH040167,34.0,306.649664137728,262,Remendo
GH040167,34.0,306.649664137728,262,Remendo
GH040167,34.0,306.649664137728,262,Remendo
GH040167,34.0,306.649664137728,262,Remendo
GH040167,34.0,306.649664137728,262,Remendo
GH040167,34.0,306.649664137728,262,Remendo
GH040167,34.0,306.649664137728,262,Remendo
GH040167,34.0,306.649664137728,262,Remendo
GH040167,34.0,312.591866947059,262,Remendo
GH040167,34.0,312.591866947059,262,Remendo
GH040167,34.0,312.591866947059,262,Remendo
GH040167,34.0,312.591866947059,262,Remendo
GH040167,34.0,312.591866947059,262,Remendo
GH040167,34.0,312.591866947059,262,Remendo
GH040167,34.0,312.591866947059,262,Remendo
GH040167,34.0,312.591866947059,262,Remendo
GH040167,34.0,312.591866947059,262,Remendo
GH040167,34.0,312.591866947059,262,Remendo
GH040167,34.0,312.591866947059,262,Remendo
GH040167,34.0,312.591866947059,262,Remendo
GH040167,34.0,312.591866947059,262,Remendo
GH040167,34.0,312.591866947059,262,Remendo
GH040167,34.0,312.591866947059,262,Remendo
GH040167,34.0,312.591866947059,262,Remendo
GH040167,34.0,312.591866947059,262,Remendo
GH040167,34.0,317.254921525993,262,Remendo
GH040167,34.0,317.254921525993,262,Remendo
GH040167,34.0,317.254921525993,262,Remendo
GH040167,34.0,317.254921525993,262,Remendo
GH040167,34.0,317.254921525993,262,Remendo
GH040167,34.0,317.254921525993,262,Remendo
GH040167,34.0,317.254921525993,262,Remendo
GH040167,34.0,317.254921525993,262,Remendo
GH040167,34.0,317.254921525993,262,Remendo
GH040167,34.0,317.254921525993,262,Remendo
GH040167,34.0,317.254921525993,262,Remendo
GH040167,34.0,317.254921525993,262,Remendo
GH040167,34.0,317.254921525993,262,Remendo
GH040167,34.0,317.254921525993,262,Remendo
GH040167,34.0,317.254921525993,262,Remendo
GH040167,34.0,317.254921525993,262,Remendo
GH040167,34.0,317.254921525993,262,Remendo
GH040167,34.0,322.94733412573,262,Trinca
GH040167,34.0,322.94733412573,262,Trinca
GH040167,34.0,322.94733412573,262,Trinca
GH040167,34.0,322.94733412573,262,Trinca
GH040167,34.0,322.94733412573,262,Trinca
GH040167,34.0,322.94733412573,262,Trinca
GH040167,34.0,322.94733412573,262,Trinca
GH040167,34.0,322.94733412573,262,Trinca
GH040167,34.0,322.94733412573,262,Trinca
GH040167,34.0,322.94733412573,262,Trinca
GH040167,34.0,322.94733412573,262,Trinca
GH040167,34.0,322.94733412573,262,Trinca
GH040167,34.0,322.94733412573,262,Trinca
GH040167,34.0,322.94733412573,262,Trinca
GH040167,34.0,322.94733412573,262,Trinca
GH040167,34.0,322.94733412573,262,Trinca
GH040167,34.0,322.94733412573,262,Trinca
GH040167,34.0,332.715333740593,262,Remendo
GH040167,34.0,332.715333740593,262,Remendo
GH040167,34.0,332.715333740593,262,Remendo
GH040167,34.0,332.715333740593,262,Remendo
GH040167,34.0,332.715333740593,262,Remendo
GH040167,34.0,332.715333740593,262,Remendo
GH040167,34.0,332.715333740593,262,Remendo
GH040167,34.0,332.715333740593,262,Remendo
GH040167,34.0,332.715333740593,262,Remendo
GH040167,34.0,332.715333740593,262,Remendo
GH040167,34.0,332.715333740593,262,Remendo
GH040167,34.0,332.715333740593,262,Remendo
GH040167,34.0,332.715333740593,262,Remendo
GH040167,34.0,332.715333740593,262,Remendo
GH040167,34.0,332.715333740593,262,Remendo
GH040167,34.0,332.715333740593,262,Remendo
GH040167,34.0,332.715333740593,262,Remendo
GH040167,34.0,333.352380854513,262,Buraco
GH040167,34.0,333.352380854513,262,Buraco
GH040167,34.0,333.352380854513,262,Buraco
GH040167,34.0,333.352380854513,262,Buraco
GH040167,34.0,333.352380854513,262,Buraco
GH040167,34.0,333.352380854513,262,Buraco
GH040167,34.0,333.352380854513,262,Buraco
GH040167,34.0,333.352380854513,262,Buraco
GH040167,34.0,333.352380854513,262,Buraco
GH040167,34.0,333.352380854513,262,Buraco
GH040167,34.0,333.352380854513,262,Buraco
GH040167,34.0,333.352380854513,262,Buraco
GH040167,34.0,333.352380854513,262,Buraco
GH040167,34.0,333.352380854513,262,Buraco
GH040167,34.0,333.352380854513,262,Buraco
GH040167,34.0,333.352380854513,262,Buraco
GH040167,34.0,333.352380854513,262,Buraco
GH040167,34.0,335.68314929998,262,Remendo
GH040167,34.0,335.68314929998,262,Remendo
GH040167,34.0,335.68314929998,262,Remendo
GH040167,34.0,335.68314929998,262,Remendo
GH040167,34.0,335.68314929998,262,Remendo
GH040167,34.0,335.68314929998,262,Remendo
GH040167,34.0,335.68314929998,262,Remendo
GH040167,34.0,335.68314929998,262,Remendo
GH040167,34.0,335.68314929998,262,Remendo
GH040167,34.0,335.68314929998,262,Remendo
GH040167,34.0,335.68314929998,262,Remendo
GH040167,34.0,335.68314929998,262,Remendo
GH040167,34.0,335.68314929998,262,Remendo
GH040167,34.0,335.68314929998,262,Remendo
GH040167,34.0,335.68314929998,262,Remendo
GH040167,34.0,335.68314929998,262,Remendo
GH040167,34.0,335.68314929998,262,Remendo
GH040167,34.0,336.444793315921,262,Remendo
GH040167,34.0,336.444793315921,262,Remendo
GH040167,34.0,336.444793315921,262,Remendo
GH040167,34.0,336.444793315921,262,Remendo
GH040167,34.0,336.444793315921,262,Remendo
GH040167,34.0,336.444793315921,262,Remendo
GH040167,34.0,336.444793315921,262,Remendo
GH040167,34.0,336.444793315921,262,Remendo
GH040167,34.0,336.444793315921,262,Remendo
GH040167,34.0,336.444793315921,262,Remendo
GH040167,34.0,336.444793315921,262,Remendo
GH040167,34.0,336.444793315921,262,Remendo
GH040167,34.0,336.444793315921,262,Remendo
GH040167,34.0,336.444793315921,262,Remendo
GH040167,34.0,336.444793315921,262,Remendo
GH040167,34.0,336.444793315921,262,Remendo
GH040167,34.0,336.444793315921,262,Remendo
GH040167,34.0,337.108062390496,262,Remendo
GH040167,34.0,337.108062390496,262,Remendo
GH040167,34.0,337.108062390496,262,Remendo
GH040167,34.0,337.108062390496,262,Remendo
GH040167,34.0,337.108062390496,262,Remendo
GH040167,34.0,337.108062390496,262,Remendo
GH040167,34.0,337.108062390496,262,Remendo
GH040167,34.0,337.108062390496,262,Remendo
GH040167,34.0,337.108062390496,262,Remendo
GH040167,34.0,337.108062390496,262,Remendo
GH040167,34.0,337.108062390496,262,Remendo
GH040167,34.0,337.108062390496,262,Remendo
GH040167,34.0,337.108062390496,262,Remendo
GH040167,34.0,337.108062390496,262,Remendo
GH040167,34.0,337.108062390496,262,Remendo
GH040167,34.0,337.108062390496,262,Remendo
GH040167,34.0,337.108062390496,262,Remendo
GH040167,34.0,343.035591205004,262,Trinca
GH040167,34.0,343.035591205004,262,Trinca
GH040167,34.0,343.035591205004,262,Trinca
GH040167,34.0,343.035591205004,262,Trinca
GH040167,34.0,343.035591205004,262,Trinca
GH040167,34.0,343.035591205004,262,Trinca
GH040167,34.0,343.035591205004,262,Trinca
GH040167,34.0,343.035591205004,262,Trinca
GH040167,34.0,343.035591205004,262,Trinca
GH040167,34.0,343.035591205004,262,Trinca
GH040167,34.0,343.035591205004,262,Trinca
GH040167,34.0,343.035591205004,262,Trinca
GH040167,34.0,343.035591205004,262,Trinca
GH040167,34.0,343.035591205004,262,Trinca
GH040167,34.0,343.035591205004,262,Trinca
GH040167,34.0,343.035591205004,262,Trinca
GH040167,34.0,343.035591205004,262,Trinca
